2.006431818008422852e+00,-2.413651347160339355e-02,1.836790771484375000e+02,-2.164753906250000000e+03,4.851035000000000000e+05,-6.744557619094848633e-02,5.112839937210083008e-01,9.877442717552185059e-01,5.256649851799011230e-01,2.535409331321716309e-01,9.427090287208557129e-01,1.551686041057109833e-02,4.686070978641510010e-01,8.815450072288513184e-01
2.008181333541870117e+00,-3.286039829254150391e-02,1.868786163330078125e+02,-2.198679687500000000e+03,5.026610625000000000e+05,-6.269764900207519531e-02,5.030646324157714844e-01,9.899713993072509766e-01,5.404967069625854492e-01,2.562288641929626465e-01,9.413425326347351074e-01,1.604557968676090240e-02,4.444479644298553467e-01,8.191167116165161133e-01
2.008840799331665039e+00,-4.667833447456359863e-02,1.903139190673828125e+02,-2.274453125000000000e+03,5.262032500000000000e+05,-5.749785900115966797e-02,4.970943927764892578e-01,9.945005178451538086e-01,4.756001532077789307e-01,2.590281665325164795e-01,9.399599432945251465e-01,1.658617146313190460e-02,4.638347029685974121e-01,8.959195017814636230e-01
2.011576414108276367e+00,-5.329608917236328125e-02,1.930576934814453125e+02,-2.313351562500000000e+03,5.509360000000000000e+05,-5.129629373550415039e-02,4.948770999908447266e-01,9.890758991241455078e-01,4.221013486385345459e-01,2.617857158184051514e-01,9.385601282119750977e-01,1.713876798748970032e-02,5.005882382392883301e-01,8.913653492927551270e-01
2.004830121994018555e+00,-6.157067418098449707e-02,1.959873352050781250e+02,-2.394195312500000000e+03,5.923150625000000000e+05,-4.924887418746948242e-02,4.882758855819702148e-01,9.908557534217834473e-01,4.711260795593261719e-01,2.646825313568115234e-01,9.371455907821655273e-01,1.770350150763988495e-02,5.198033452033996582e-01,8.170663118362426758e-01
1.993981122970581055e+00,-7.301679253578186035e-02,1.991128692626953125e+02,-2.504523437500000000e+03,6.241568750000000000e+05,-4.908770322799682617e-02,4.799710512161254883e-01,9.802309870719909668e-01,4.518203437328338623e-01,2.674261331558227539e-01,9.357131123542785645e-01,1.828049868345260620e-02,4.691218137741088867e-01,8.239543437957763672e-01
1.986242055892944336e+00,-8.549585938453674316e-02,2.022982330322265625e+02,-2.599160156250000000e+03,6.478610000000000000e+05,-4.749828577041625977e-02,4.713141918182373047e-01,9.841647744178771973e-01,4.553099870681762695e-01,2.701836824417114258e-01,9.342674016952514648e-01,1.886989921331405640e-02,5.056180357933044434e-01,8.075411915779113770e-01
1.978732824325561523e+00,-9.591194987297058105e-02,2.055395812988281250e+02,-2.674792968750000000e+03,6.748591875000000000e+05,-4.348582029342651367e-02,4.652174115180969238e-01,9.977549314498901367e-01,4.474260807037353516e-01,2.730247974395751953e-01,9.328045248985290527e-01,1.947182603180408478e-02,4.896705150604248047e-01,8.258789181709289551e-01
1.967171430587768555e+00,-1.071872711181640625e-01,2.087447204589843750e+02,-2.756710937500000000e+03,7.105531875000000000e+05,-4.020422697067260742e-02,4.579778313636779785e-01,9.817833304405212402e-01,4.053902029991149902e-01,2.757405638694763184e-01,9.313233494758605957e-01,2.008641883730888367e-02,4.998165071010589600e-01,8.209195733070373535e-01
1.951900243759155273e+00,-1.166214048862457275e-01,2.119339141845703125e+02,-2.841007812500000000e+03,7.483166875000000000e+05,-3.833419084548950195e-02,4.506570100784301758e-01,9.754688143730163574e-01,4.317186474800109863e-01,2.786234319210052490e-01,9.298269152641296387e-01,2.071380615234375000e-02,4.662453830242156982e-01,7.810550928115844727e-01
1.937064886093139648e+00,-1.273360848426818848e-01,2.150379638671875000e+02,-2.937679687500000000e+03,7.841693125000000000e+05,-3.764003515243530273e-02,4.435439705848693848e-01,9.812631011009216309e-01,4.466807544231414795e-01,2.813949286937713623e-01,9.283173680305480957e-01,2.135411836206912994e-02,5.198525786399841309e-01,7.875574827194213867e-01
1.921611070632934570e+00,-1.369586288928985596e-01,2.180897979736328125e+02,-3.037234375000000000e+03,8.199500000000000000e+05,-3.654038906097412109e-02,4.365216493606567383e-01,9.795572161674499512e-01,4.161076247692108154e-01,2.840689122676849365e-01,9.267878532409667969e-01,2.200749143958091736e-02,4.773850739002227783e-01,7.939887046813964844e-01
1.905417442321777344e+00,-1.472741663455963135e-01,2.212128601074218750e+02,-3.141343750000000000e+03,8.568280625000000000e+05,-3.569746017456054688e-02,4.290459156036376953e-01,9.777053594589233398e-01,3.969537615776062012e-01,2.868960797786712646e-01,9.252452254295349121e-01,2.267405204474925995e-02,5.220963358879089355e-01,8.003508448600769043e-01
1.886124610900878906e+00,-1.575843393802642822e-01,2.244582061767578125e+02,-3.239808593750000000e+03,8.949463125000000000e+05,-3.441846370697021484e-02,4.202098846435546875e-01,9.806103110313415527e-01,3.550502359867095947e-01,2.897232472896575928e-01,9.236848950386047363e-01,2.335393428802490234e-02,5.405441522598266602e-01,7.718157768249511719e-01
1.865165710449218750e+00,-1.681037247180938721e-01,2.277346649169921875e+02,-3.336476562500000000e+03,9.358949375000000000e+05,-3.363567590713500977e-02,4.116187095642089844e-01,9.784680604934692383e-01,3.359611630439758301e-01,2.925226092338562012e-01,9.221089482307434082e-01,2.404727227985858917e-02,5.327287912368774414e-01,7.664356827735900879e-01
1.842134237289428711e+00,-1.778604984283447266e-01,2.309554290771484375e+02,-3.433453125000000000e+03,9.778781250000000000e+05,-3.308099508285522461e-02,4.028463959693908691e-01,9.688280820846557617e-01,4.194219112396240234e-01,2.952244281768798828e-01,9.205166101455688477e-01,2.475419081747531891e-02,4.724716842174530029e-01,8.190425038337707520e-01
1.819109201431274414e+00,-1.874136030673980713e-01,2.340567169189453125e+02,-3.532222656250000000e+03,1.019185875000000000e+06,-3.360617160797119141e-02,3.948554992675781250e-01,9.688492417335510254e-01,3.890165984630584717e-01,2.980098426342010498e-01,9.189065694808959961e-01,2.547482959926128387e-02,5.430263876914978027e-01,7.554882168769836426e-01
1.795519828796386719e+00,-1.963626146316528320e-01,2.370866546630859375e+02,-3.632500000000000000e+03,1.059261125000000000e+06,-3.401970863342285156e-02,3.867629170417785645e-01,9.785321950912475586e-01,3.586518466472625732e-01,3.008787930011749268e-01,9.172820448875427246e-01,2.620931714773178101e-02,5.436873435974121094e-01,7.615349292755126953e-01
1.772166490554809570e+00,-2.052547037601470947e-01,2.401253051757812500e+02,-3.734640625000000000e+03,1.100911375000000000e+06,-3.450047969818115234e-02,3.791878819465637207e-01,9.537568092346191406e-01,3.511108458042144775e-01,3.036781251430511475e-01,9.156420230865478516e-01,2.695778384804725647e-02,5.442658066749572754e-01,7.675247192382812500e-01
1.746630191802978516e+00,-2.142229825258255005e-01,2.432369537353515625e+02,-3.839296875000000000e+03,1.144681000000000000e+06,-3.444904088973999023e-02,3.706069588661193848e-01,9.729611873626708984e-01,3.891767561435699463e-01,3.064356446266174316e-01,9.139866232872009277e-01,2.772036194801330566e-02,5.447622537612915039e-01,7.502394914627075195e-01
1.719504356384277344e+00,-2.234249860048294067e-01,2.463670196533203125e+02,-3.943492187500000000e+03,1.191229750000000000e+06,-3.484088182449340820e-02,3.623471856117248535e-01,9.601601362228393555e-01,3.133858144283294678e-01,3.091374933719635010e-01,9.123120903968811035e-01,2.849718742072582245e-02,5.102716684341430664e-01,7.793413400650024414e-01
1.689818143844604492e+00,-2.322545796632766724e-01,2.494555206298828125e+02,-4.049757812500000000e+03,1.238474625000000000e+06,-3.537368774414062500e-02,3.536766171455383301e-01,9.447685480117797852e-01,3.173776566982269287e-01,3.119368255138397217e-01,9.106231331825256348e-01,2.928838692605495453e-02,4.931527972221374512e-01,7.387322783470153809e-01
1.659867048263549805e+00,-2.406235933303833008e-01,2.524428863525390625e+02,-4.155839843750000000e+03,1.285743000000000000e+06,-3.669780492782592773e-02,3.459776639938354492e-01,9.562011957168579102e-01,3.328118622303009033e-01,3.147361576557159424e-01,9.089196324348449707e-01,3.009409457445144653e-02,4.934061467647552490e-01,7.329043745994567871e-01
1.629256010055541992e+00,-2.485222220420837402e-01,2.553503875732421875e+02,-4.262878906250000000e+03,1.331630500000000000e+06,-3.796738386154174805e-02,3.379715681076049805e-01,9.552407264709472656e-01,2.913481891155242920e-01,3.175494074821472168e-01,9.071981906890869141e-01,3.091444261372089386e-02,5.110322833061218262e-01,7.734696269035339355e-01
1.599509716033935547e+00,-2.562191784381866455e-01,2.582193908691406250e+02,-4.367359375000000000e+03,1.378138750000000000e+06,-3.941595554351806641e-02,3.308075666427612305e-01,9.467902183532714844e-01,2.841122448444366455e-01,3.204044103622436523e-01,9.054605960845947266e-01,3.174955770373344421e-02,5.285791754722595215e-01,6.978900432586669922e-01
1.568512439727783203e+00,-2.638522982597351074e-01,2.611084899902343750e+02,-4.473925781250000000e+03,1.425763500000000000e+06,-4.033344984054565430e-02,3.227969408035278320e-01,9.357532858848571777e-01,2.769349813461303711e-01,3.231341242790222168e-01,9.037072658538818359e-01,3.259957581758499146e-02,4.675102531909942627e-01,7.615877389907836914e-01
1.536940097808837891e+00,-2.715972661972045898e-01,2.640008239746093750e+02,-4.579878906250000000e+03,1.475923875000000000e+06,-4.158115386962890625e-02,3.152590394020080566e-01,9.319355487823486328e-01,2.584280967712402344e-01,3.258638381958007812e-01,9.019376635551452637e-01,3.346463292837142944e-02,5.110795497894287109e-01,7.555847167968750000e-01
1.503230094909667969e+00,-2.791309654712677002e-01,2.668572692871093750e+02,-4.688732421875000000e+03,1.526743000000000000e+06,-4.292893409729003906e-02,3.069748878479003906e-01,9.402406215667724609e-01,2.855459451675415039e-01,3.287188410758972168e-01,9.001528620719909668e-01,3.434485197067260742e-02,5.458452701568603516e-01,6.682729721069335938e-01
1.469426631927490234e+00,-2.863740921020507812e-01,2.696326904296875000e+02,-4.796128906250000000e+03,1.577765625000000000e+06,-4.506790637969970703e-02,2.996634244918823242e-01,9.239022135734558105e-01,2.329959422349929810e-01,3.314763903617858887e-01,8.983492255210876465e-01,3.524037078022956848e-02,5.369026660919189453e-01,7.318544983863830566e-01
1.434864997863769531e+00,-2.930964827537536621e-01,2.723372802734375000e+02,-4.904539062500000000e+03,1.627517875000000000e+06,-4.708766937255859375e-02,2.918668389320373535e-01,9.196889996528625488e-01,2.830270826816558838e-01,3.342478573322296143e-01,8.965318799018859863e-01,3.615131974220275879e-02,5.278842449188232422e-01,7.257413864135742188e-01
1.401357412338256836e+00,-2.997460961341857910e-01,2.750036926269531250e+02,-5.009421875000000000e+03,1.677626000000000000e+06,-4.927247762680053711e-02,2.850316762924194336e-01,9.153464436531066895e-01,2.989563643932342529e-01,3.370471894741058350e-01,8.946992754936218262e-01,3.707783669233322144e-02,4.926118552684783936e-01,7.544255852699279785e-01
1.366972208023071289e+00,-3.061240017414093018e-01,2.776735229492187500e+02,-5.115464843750000000e+03,1.728445500000000000e+06,-5.090165138244628906e-02,2.773467302322387695e-01,9.280340671539306641e-01,2.580049335956573486e-01,3.397768735885620117e-01,8.928478360176086426e-01,3.802004083991050720e-02,5.183496475219726562e-01,6.669791340827941895e-01
1.332597017288208008e+00,-3.128218054771423340e-01,2.803518981933593750e+02,-5.220646484375000000e+03,1.781351125000000000e+06,-5.287617444992065430e-02,2.703529596328735352e-01,9.160833358764648438e-01,2.968600690364837646e-01,3.426736891269683838e-01,8.909825086593627930e-01,3.897807002067565918e-02,4.654770195484161377e-01,7.072139978408813477e-01
1.296479225158691406e+00,-3.191112279891967773e-01,2.830152282714843750e+02,-5.329267578125000000e+03,1.835265750000000000e+06,-5.482423305511474609e-02,2.623291015625000000e-01,9.064586758613586426e-01,2.332769334316253662e-01,3.454312384128570557e-01,8.890991210937500000e-01,3.995205461978912354e-02,5.259743332862854004e-01,7.358121275901794434e-01
1.260406017303466797e+00,-3.254860043525695801e-01,2.856390991210937500e+02,-5.436974609375000000e+03,1.889826625000000000e+06,-5.750983953475952148e-02,2.552665472030639648e-01,8.967101573944091797e-01,2.950661480426788330e-01,3.481609225273132324e-01,8.871998786926269531e-01,4.094213247299194336e-02,5.340420007705688477e-01,6.715055108070373535e-01
1.223364114761352539e+00,-3.310960531234741211e-01,2.882214965820312500e+02,-5.545640625000000000e+03,1.943891875000000000e+06,-6.005775928497314453e-02,2.473899275064468384e-01,9.015462398529052734e-01,2.885923385620117188e-01,3.509602546691894531e-01,8.852877616882324219e-01,4.194842651486396790e-02,5.071335434913635254e-01,7.116662263870239258e-01
1.187064170837402344e+00,-3.369122743606567383e-01,2.907848815917968750e+02,-5.651312500000000000e+03,1.998038500000000000e+06,-6.290113925933837891e-02,2.407019287347793579e-01,8.940057158470153809e-01,2.708097100257873535e-01,3.537317216396331787e-01,8.833547234535217285e-01,4.297108203172683716e-02,4.976080656051635742e-01,7.053661942481994629e-01
1.149965286254882812e+00,-3.419564962387084961e-01,2.933463439941406250e+02,-5.757613281250000000e+03,2.052806250000000000e+06,-6.525886058807373047e-02,2.329520434141159058e-01,8.887971043586730957e-01,2.303297221660614014e-01,3.565588891506195068e-01,8.814095854759216309e-01,4.401021078228950500e-02,5.141928195953369141e-01,6.293872594833374023e-01
1.113124608993530273e+00,-3.474397659301757812e-01,2.959111633300781250e+02,-5.863023437500000000e+03,2.108884500000000000e+06,-6.799280643463134766e-02,2.263334244489669800e-01,8.785685300827026367e-01,2.696682214736938477e-01,3.593582212924957275e-01,8.794469833374023438e-01,4.506596177816390991e-02,4.783517420291900635e-01,6.346614956855773926e-01
1.075081586837768555e+00,-3.521808981895446777e-01,2.984670410156250000e+02,-5.971064453125000000e+03,2.166243750000000000e+06,-7.063078880310058594e-02,2.184658497571945190e-01,8.706750273704528809e-01,1.610184162855148315e-01,3.621714711189270020e-01,8.774661421775817871e-01,4.613845422863960266e-02,4.598965346813201904e-01,6.631407737731933594e-01
1.037066221237182617e+00,-3.573515415191650391e-01,3.010039672851562500e+02,-6.079154296875000000e+03,2.224124000000000000e+06,-7.387071847915649414e-02,2.118819206953048706e-01,8.749229907989501953e-01,2.347047626972198486e-01,3.648872375488281250e-01,8.754718899726867676e-01,4.722783714532852173e-02,4.937336742877960205e-01,6.916069984436035156e-01
9.982066154479980469e-01,-3.615647256374359131e-01,3.035216674804687500e+02,-6.188281250000000000e+03,2.282505500000000000e+06,-7.695877552032470703e-02,2.040342539548873901e-01,8.569977879524230957e-01,2.059682607650756836e-01,3.677562177181243896e-01,8.734607100486755371e-01,4.833422601222991943e-02,5.275061130523681641e-01,6.271821260452270508e-01
9.595642089843750000e-01,-3.661507070064544678e-01,3.060250549316406250e+02,-6.296191406250000000e+03,2.340879750000000000e+06,-8.036005496978759766e-02,1.976977735757827759e-01,8.487662076950073242e-01,1.887150704860687256e-01,3.704719543457031250e-01,8.714345097541809082e-01,4.945775493979454041e-02,5.088569521903991699e-01,5.743580460548400879e-01
9.203639030456542969e-01,-3.698278665542602539e-01,3.085241394042968750e+02,-6.404527343750000000e+03,2.400237500000000000e+06,-8.346116542816162109e-02,1.900529712438583374e-01,8.453277349472045898e-01,1.943373680114746094e-01,3.732712864875793457e-01,8.693899512290954590e-01,5.059855803847312927e-02,4.552398920059204102e-01,5.911865830421447754e-01
8.812189102172851562e-01,-3.739035129547119141e-01,3.110122680664062500e+02,-6.512869140625000000e+03,2.460104750000000000e+06,-8.681750297546386719e-02,1.839159578084945679e-01,8.466842174530029297e-01,1.431039124727249146e-01,3.761124014854431152e-01,8.673318028450012207e-01,5.175677314400672913e-02,5.062776207923889160e-01,6.544496417045593262e-01
8.415637016296386719e-01,-3.772218823432922363e-01,3.134939270019531250e+02,-6.622349609375000000e+03,2.521425750000000000e+06,-9.005409479141235352e-02,1.763752251863479614e-01,8.479350805282592773e-01,1.375303268432617188e-01,3.787724673748016357e-01,8.652545809745788574e-01,5.293251946568489075e-02,4.612654149532318115e-01,5.783891081809997559e-01
8.017480373382568359e-01,-3.809078931808471680e-01,3.159555664062500000e+02,-6.732562500000000000e+03,2.582929750000000000e+06,-9.360969066619873047e-02,1.703761070966720581e-01,8.441798686981201172e-01,2.231800705194473267e-01,3.816832005977630615e-01,8.631646633148193359e-01,5.412594601511955261e-02,4.772786200046539307e-01,5.952067375183105469e-01
7.616279125213623047e-01,-3.839272558689117432e-01,3.184085083007812500e+02,-6.843304687500000000e+03,2.645445750000000000e+06,-9.708678722381591797e-02,1.630324870347976685e-01,8.182623982429504395e-01,1.494652181863784790e-01,3.844128847122192383e-01,8.610551953315734863e-01,5.533716455101966858e-02,4.845075905323028564e-01,5.539744496345520020e-01
7.214028835296630859e-01,-3.870970904827117920e-01,3.208408508300781250e+02,-6.954410156250000000e+03,2.707965250000000000e+06,-1.007161736488342285e-01,1.571347564458847046e-01,8.167566061019897461e-01,1.214152574539184570e-01,3.871564865112304688e-01,8.589325547218322754e-01,5.656632035970687866e-02,5.091327428817749023e-01,5.591839551925659180e-01
6.811122894287109375e-01,-3.897396326065063477e-01,3.232698669433593750e+02,-7.065490234375000000e+03,2.771693250000000000e+06,-1.042284965515136719e-01,1.500306576490402222e-01,8.200551867485046387e-01,1.390317678451538086e-01,3.899697363376617432e-01,8.567919731140136719e-01,5.781354382634162903e-02,4.987972080707550049e-01,5.992271304130554199e-01
6.406669616699218750e-01,-3.924425840377807617e-01,3.256800842285156250e+02,-7.177279296875000000e+03,2.835681500000000000e+06,-1.078385114669799805e-01,1.442605406045913696e-01,8.208065629005432129e-01,1.453641504049301147e-01,3.928247988224029541e-01,8.546357750892639160e-01,5.907896161079406738e-02,4.796811938285827637e-01,6.044456958770751953e-01
6.002194881439208984e-01,-3.948110342025756836e-01,3.280854492187500000e+02,-7.289214843750000000e+03,2.900817750000000000e+06,-1.114017367362976074e-01,1.374327987432479858e-01,8.141105771064758301e-01,1.631948351860046387e-01,3.954987525939941406e-01,8.524631857872009277e-01,6.036270782351493835e-02,4.692387580871582031e-01,5.167914032936096191e-01
5.595920085906982422e-01,-3.970865309238433838e-01,3.304698791503906250e+02,-7.401960937500000000e+03,2.966196500000000000e+06,-1.150477528572082520e-01,1.317238956689834595e-01,7.950667142868041992e-01,1.241827160120010376e-01,3.983398675918579102e-01,8.502758741378784180e-01,6.166492030024528503e-02,5.198292732238769531e-01,5.684660673141479492e-01
5.190339088439941406e-01,-3.991604745388031006e-01,3.328468017578125000e+02,-7.514730468750000000e+03,3.032457000000000000e+06,-1.186720132827758789e-01,1.252195984125137329e-01,7.955423593521118164e-01,9.667184948921203613e-02,4.010974168777465820e-01,8.480697274208068848e-01,6.298571825027465820e-02,4.656534492969512939e-01,5.504912137985229492e-01
4.783794879913330078e-01,-4.010317921638488770e-01,3.352052001953125000e+02,-7.628208984375000000e+03,3.099031250000000000e+06,-1.223332881927490234e-01,1.195971220731735229e-01,7.714186310768127441e-01,1.717871874570846558e-01,4.039246141910552979e-01,8.458499312400817871e-01,6.432525068521499634e-02,5.161449313163757324e-01,5.789687633514404297e-01
4.378647804260253906e-01,-4.027943909168243408e-01,3.375564575195312500e+02,-7.741664062500000000e+03,3.166424250000000000e+06,-1.259655952453613281e-01,1.133841127157211304e-01,7.790743112564086914e-01,9.894056618213653564e-02,4.066542983055114746e-01,8.436134457588195801e-01,6.568362563848495483e-02,4.356937706470489502e-01,5.842402577400207520e-01
3.973021507263183594e-01,-4.042876362800598145e-01,3.398938903808593750e+02,-7.855734375000000000e+03,3.234381500000000000e+06,-1.296176314353942871e-01,1.078198701143264771e-01,7.743906974792480469e-01,1.401133686304092407e-01,4.095371961593627930e-01,8.413587212562561035e-01,6.706099957227706909e-02,5.035443902015686035e-01,5.198674798011779785e-01
3.568329811096191406e-01,-4.057455062866210938e-01,3.422232055664062500e+02,-7.969955078125000000e+03,3.303056250000000000e+06,-1.332598924636840820e-01,1.019068509340286255e-01,7.720769047737121582e-01,1.700120717287063599e-01,4.122529327869415283e-01,8.390921354293823242e-01,6.845748424530029297e-02,5.015395879745483398e-01,5.832219123840332031e-01
3.163552284240722656e-01,-4.069044589996337891e-01,3.445407104492187500e+02,-8.084703125000000000e+03,3.372343000000000000e+06,-1.369183659553527832e-01,9.642894566059112549e-02,7.647816538810729980e-01,9.751462936401367188e-02,4.150104820728302002e-01,8.368067741394042969e-01,6.987322866916656494e-02,4.384071230888366699e-01,4.724453091621398926e-01
2.759709358215332031e-01,-4.080319702625274658e-01,3.468479614257812500e+02,-8.199626953125000000e+03,3.442216250000000000e+06,-1.405626237392425537e-01,9.076885879039764404e-02,7.549583315849304199e-01,1.162595823407173157e-01,4.178376495838165283e-01,8.345042467117309570e-01,7.130835205316543579e-02,4.537698626518249512e-01,5.010091662406921387e-01
2.356500625610351562e-01,-4.088570475578308105e-01,3.491456298828125000e+02,-8.314943359375000000e+03,3.512777000000000000e+06,-1.442119777202606201e-01,8.540581166744232178e-02,7.279022336006164551e-01,1.465151607990264893e-01,4.206508994102478027e-01,8.321885466575622559e-01,7.276298850774765015e-02,4.690922200679779053e-01,5.063751339912414551e-01
1.954295635223388672e-01,-4.096543490886688232e-01,3.514334106445312500e+02,-8.430496093750000000e+03,3.583891000000000000e+06,-1.478452384471893311e-01,7.998766005039215088e-02,7.301876544952392578e-01,8.576865494251251221e-02,4.233666956424713135e-01,8.298538327217102051e-01,7.423727959394454956e-02,4.756492674350738525e-01,5.582047104835510254e-01
1.553180217742919922e-01,-4.101793169975280762e-01,3.537138977050781250e+02,-8.546357421875000000e+03,3.655740000000000000e+06,-1.514835357666015625e-01,7.474471628665924072e-02,7.348541617393493652e-01,1.162681728601455688e-01,4.261381328105926514e-01,8.275035023689270020e-01,7.573133707046508789e-02,4.647161662578582764e-01,4.823494255542755127e-01
1.153056621551513672e-01,-4.106575846672058105e-01,3.559851989746093750e+02,-8.662474609375000000e+03,3.728135500000000000e+06,-1.551097631454467773e-01,6.952707469463348389e-02,7.051365971565246582e-01,5.576787143945693970e-02,4.290210306644439697e-01,8.251392245292663574e-01,7.724531739950180054e-02,4.537471234798431396e-01,4.761808216571807861e-01
7.542824745178222656e-02,-4.108952283859252930e-01,3.582498474121093750e+02,-8.778865234375000000e+03,3.801256500000000000e+06,-1.587380170822143555e-01,6.441949307918548584e-02,7.023163437843322754e-01,8.651576936244964600e-02,4.318203628063201904e-01,8.227577209472656250e-01,7.877932488918304443e-02,4.514699280261993408e-01,5.397003889083862305e-01
3.567194938659667969e-02,-4.110583066940307617e-01,3.605060119628906250e+02,-8.895507812500000000e+03,3.874925750000000000e+06,-1.623520553112030029e-01,5.938164889812469482e-02,6.994329094886779785e-01,7.182775437831878662e-02,4.344804286956787109e-01,8.203593492507934570e-01,8.033351600170135498e-02,4.491597712039947510e-01,5.103694796562194824e-01
-3.916025161743164062e-03,-4.110151529312133789e-01,3.627560119628906250e+02,-9.012371093750000000e+03,3.949303000000000000e+06,-1.659604310989379883e-01,5.441476404666900635e-02,6.964887976646423340e-01,1.256090998649597168e-01,4.372658431529998779e-01,8.179445862770080566e-01,8.190801739692687988e-02,4.817235469818115234e-01,4.578497111797332764e-01
-4.335451126098632812e-02,-4.108718037605285645e-01,3.649989318847656250e+02,-9.129464843750000000e+03,4.024267250000000000e+06,-1.695530414581298828e-01,4.953987896442413330e-02,6.959375739097595215e-01,1.111756041646003723e-01,4.401068985462188721e-01,8.155139684677124023e-01,8.350294828414916992e-02,4.706257879734039307e-01,4.518023133277893066e-01
-8.260786533355712891e-02,-4.105534553527832031e-01,3.672362670898437500e+02,-9.246779296875000000e+03,4.099927500000000000e+06,-1.731359958648681641e-01,4.471744596958160400e-02,6.732698678970336914e-01,6.269946694374084473e-02,4.429340958595275879e-01,8.130696415901184082e-01,8.511845022439956665e-02,4.245942831039428711e-01,4.922287762165069580e-01
-1.216924190521240234e-01,-4.101174473762512207e-01,3.694677429199218750e+02,-9.364320312500000000e+03,4.176210250000000000e+06,-1.767029762268066406e-01,3.999055922031402588e-02,6.652556657791137695e-01,9.408593177795410156e-02,4.456776976585388184e-01,8.106076121330261230e-01,8.675464987754821777e-02,4.570730924606323242e-01,4.514204561710357666e-01
-1.605817079544067383e-01,-4.095266759395599365e-01,3.716938781738281250e+02,-9.482097656250000000e+03,4.253179000000000000e+06,-1.802545189857482910e-01,3.531031310558319092e-02,6.596415042877197266e-01,8.004112541675567627e-02,4.484213292598724365e-01,8.081286549568176270e-01,8.841168880462646484e-02,4.808004200458526611e-01,3.990386128425598145e-01
-1.992825269699096680e-01,-4.088014364242553711e-01,3.739151916503906250e+02,-9.600126953125000000e+03,4.330814000000000000e+06,-1.837863326072692871e-01,3.072521090507507324e-02,6.637834310531616211e-01,1.230796650052070618e-01,4.512763917446136475e-01,8.056344389915466309e-01,9.008969366550445557e-02,4.608724415302276611e-01,4.395746588706970215e-01
-2.377772331237792969e-01,-4.079361557960510254e-01,3.761317749023437500e+02,-9.718431640625000000e+03,4.409154500000000000e+06,-1.872942447662353516e-01,2.618739008903503418e-02,6.531721949577331543e-01,1.092980429530143738e-01,4.539921283721923828e-01,8.031240105628967285e-01,9.178878366947174072e-02,4.671014845371246338e-01,4.801498055458068848e-01
-2.760703563690185547e-01,-4.069270789623260498e-01,3.783448486328125000e+02,-9.837042968750000000e+03,4.488227500000000000e+06,-1.907773613929748535e-01,2.173678576946258545e-02,6.425172686576843262e-01,5.008739233016967773e-02,4.567775130271911621e-01,8.005965352058410645e-01,9.350911527872085571e-02,4.471311271190643311e-01,4.278852641582489014e-01
-3.141579627990722656e-01,-4.057829976081848145e-01,3.805546569824218750e+02,-9.956003906250000000e+03,4.568059000000000000e+06,-1.942313015460968018e-01,1.733869314193725586e-02,6.171142458915710449e-01,2.518148347735404968e-02,4.595768749713897705e-01,7.980542182922363281e-01,9.525079280138015747e-02,4.533209800720214844e-01,4.801523685455322266e-01
-3.520442247390747070e-01,-4.044947922229766846e-01,3.827622985839843750e+02,-1.007536328125000000e+04,4.648695500000000000e+06,-1.976544260978698730e-01,1.301525533199310303e-02,6.088307499885559082e-01,6.875219941139221191e-02,4.624597728252410889e-01,7.954954504966735840e-01,9.701397269964218140e-02,3.984093666076660156e-01,4.628022909164428711e-01
-3.897325992584228516e-01,-4.030713737010955811e-01,3.849680480957031250e+02,-1.019517773437500000e+04,4.730167000000000000e+06,-2.010414898395538330e-01,8.747771382331848145e-03,6.078645586967468262e-01,1.124576181173324585e-01,4.652451574802398682e-01,7.929207086563110352e-01,9.879877418279647827e-02,4.045666158199310303e-01,3.642261326313018799e-01
-4.272249937057495117e-01,-4.015001058578491211e-01,3.871729736328125000e+02,-1.031551953125000000e+04,4.812529000000000000e+06,-2.043902873992919922e-01,4.547417163848876953e-03,6.093159317970275879e-01,9.934605658054351807e-02,4.679608941078186035e-01,7.903281450271606445e-01,1.006053239107131958e-01,4.019836783409118652e-01,4.514550864696502686e-01
-4.645267724990844727e-01,-3.997924029827117920e-01,3.893775329589843750e+02,-1.043644335937500000e+04,4.895820000000000000e+06,-2.076950371265411377e-01,4.036724567413330078e-04,5.862246751785278320e-01,6.358940154314041138e-02,4.708159565925598145e-01,7.877216339111328125e-01,1.024337708950042725e-01,4.430202245712280273e-01,3.878002762794494629e-01
-5.016413927078247070e-01,-3.979376852512359619e-01,3.915827636718750000e+02,-1.055802343750000000e+04,4.980097000000000000e+06,-2.109540104866027832e-01,-3.675818443298339844e-03,5.974211692810058594e-01,8.492115139961242676e-02,4.735734760761260986e-01,7.850968837738037109e-01,1.042842194437980652e-01,3.880563974380493164e-01,3.822427690029144287e-01
-5.385725498199462891e-01,-3.959439992904663086e-01,3.937890625000000000e+02,-1.068032617187500000e+04,5.065399500000000000e+06,-2.141619920730590820e-01,-7.703647017478942871e-03,5.791777968406677246e-01,4.943738877773284912e-02,4.762614071369171143e-01,7.824568152427673340e-01,1.061568334698677063e-01,4.465261399745941162e-01,3.999536633491516113e-01
-5.753233432769775391e-01,-3.938024044036865234e-01,3.959973754882812500e+02,-1.080342187500000000e+04,5.151785500000000000e+06,-2.173166275024414062e-01,-1.166976988315582275e-02,5.707157254219055176e-01,2.548115886747837067e-02,4.791164398193359375e-01,7.798014879226684570e-01,1.080517321825027466e-01,4.439042806625366211e-01,3.828839659690856934e-01
-6.118967533111572266e-01,-3.915213644504547119e-01,3.982079772949218750e+02,-1.092738867187500000e+04,5.239294500000000000e+06,-2.204124629497528076e-01,-1.558336615562438965e-02,5.573304891586303711e-01,3.583364561200141907e-02,4.818739891052246094e-01,7.771316170692443848e-01,1.099690347909927368e-01,4.500031769275665283e-01,3.774746656417846680e-01
-6.482924222946166992e-01,-3.890941739082336426e-01,4.004215393066406250e+02,-1.105228320312500000e+04,5.327978000000000000e+06,-2.234459221363067627e-01,-1.944220066070556641e-02,5.635364055633544922e-01,2.354303933680057526e-02,4.846315085887908936e-01,7.744440436363220215e-01,1.119088828563690186e-01,3.688347637653350830e-01,4.301667213439941406e-01
-6.845092773437500000e-01,-3.865260779857635498e-01,4.026382446289062500e+02,-1.117817187500000000e+04,5.417873500000000000e+06,-2.264124453067779541e-01,-2.324587106704711914e-02,5.403127670288085938e-01,5.695218220353126526e-02,4.874169230461120605e-01,7.717395424842834473e-01,1.138714104890823364e-01,3.836538493633270264e-01,3.668110966682434082e-01
-7.205436229705810547e-01,-3.838113248348236084e-01,4.048588562011718750e+02,-1.130510742187500000e+04,5.509026000000000000e+06,-2.293097972869873047e-01,-2.699363231658935547e-02,5.317831039428710938e-01,4.493786394596099854e-02,4.902998208999633789e-01,7.690184116363525391e-01,1.158567517995834351e-01,4.333778321743011475e-01,3.383386731147766113e-01
-7.563924789428710938e-01,-3.809601068496704102e-01,4.070833129882812500e+02,-1.143315039062500000e+04,5.601468500000000000e+06,-2.321320176124572754e-01,-3.068730235099792480e-02,5.281453132629394531e-01,4.445239901542663574e-02,4.929877221584320068e-01,7.662835121154785156e-01,1.178650334477424622e-01,3.871131539344787598e-01,3.331404030323028564e-01
-7.920467853546142578e-01,-3.779629468917846680e-01,4.093122863769531250e+02,-1.156234570312500000e+04,5.695245000000000000e+06,-2.348769605159759521e-01,-3.432564437389373779e-02,5.244997143745422363e-01,1.010577231645584106e-01,4.958010017871856689e-01,7.635312080383300781e-01,1.198963820934295654e-01,4.193883836269378662e-01,3.279971182346343994e-01
-8.275022506713867188e-01,-3.748272657394409180e-01,4.115458679199218750e+02,-1.169274414062500000e+04,5.790387500000000000e+06,-2.375397980213165283e-01,-3.790716826915740967e-02,5.134953856468200684e-01,6.667826324701309204e-02,4.986560046672821045e-01,7.607628703117370605e-01,1.219509392976760864e-01,3.556783795356750488e-01,3.925696015357971191e-01
-8.627516031265258789e-01,-3.715501129627227783e-01,4.137843627929687500e+02,-1.182440234375000000e+04,5.886937000000000000e+06,-2.401164472103118896e-01,-4.143281280994415283e-02,4.926838576793670654e-01,9.656691923737525940e-03,5.014274716377258301e-01,7.579777836799621582e-01,1.240288317203521729e-01,4.054169952869415283e-01,3.062686622142791748e-01
-8.977856636047363281e-01,-3.681332468986511230e-01,4.160283508300781250e+02,-1.195734570312500000e+04,5.984927500000000000e+06,-2.426053285598754883e-01,-4.489944875240325928e-02,5.012862682342529297e-01,6.667826324701309204e-02,5.041432380676269531e-01,7.551774382591247559e-01,1.261301934719085693e-01,3.679001033306121826e-01,3.245150744915008545e-01
-9.325979948043823242e-01,-3.645757734775543213e-01,4.182779846191406250e+02,-1.209163476562500000e+04,6.084397000000000000e+06,-2.450025975704193115e-01,-4.830655455589294434e-02,4.878307878971099854e-01,6.688641756772994995e-02,5.069704055786132812e-01,7.523596286773681641e-01,1.282551586627960205e-01,4.002035260200500488e-01,3.660395443439483643e-01
-9.671804904937744141e-01,-3.608772158622741699e-01,4.205340576171875000e+02,-1.222730468750000000e+04,6.185391000000000000e+06,-2.473051249980926514e-01,-5.165252089500427246e-02,4.841852188110351562e-01,6.723327934741973877e-02,5.097280144691467285e-01,7.495265007019042969e-01,1.304038465023040771e-01,4.063391387462615967e-01,3.844028115272521973e-01
-1.001526236534118652e+00,-3.570358157157897949e-01,4.227969970703125000e+02,-1.236441015625000000e+04,6.287950500000000000e+06,-2.495108842849731445e-01,-5.493649840354919434e-02,4.707427620887756348e-01,3.354740515351295471e-02,5.125969648361206055e-01,7.466775178909301758e-01,1.325764060020446777e-01,3.775823712348937988e-01,2.751154899597167969e-01
-1.035628795623779297e+00,-3.530497550964355469e-01,4.250675964355468750e+02,-1.250299609375000000e+04,6.392125500000000000e+06,-2.516177296638488770e-01,-5.815674364566802979e-02,4.597618877887725830e-01,0.000000000000000000e+00,5.152987837791442871e-01,7.438122034072875977e-01,1.347729563713073730e-01,3.401138484477996826e-01,3.748683035373687744e-01
-1.069482564926147461e+00,-3.489173054695129395e-01,4.273464355468750000e+02,-1.264311914062500000e+04,6.497964500000000000e+06,-2.536240220069885254e-01,-6.131260097026824951e-02,4.585987329483032227e-01,6.910476088523864746e-02,5.181120038032531738e-01,7.409321069717407227e-01,1.369936466217041016e-01,3.724724054336547852e-01,3.469717502593994141e-01
-1.103081703186035156e+00,-3.446353077888488770e-01,4.296343688964843750e+02,-1.278482812500000000e+04,6.605519000000000000e+06,-2.555281519889831543e-01,-6.440195441246032715e-02,4.378418624401092529e-01,9.278582781553268433e-02,5.208417177200317383e-01,7.380353212356567383e-01,1.392385661602020264e-01,4.135752618312835693e-01,3.655765056610107422e-01
-1.136418223381042480e+00,-3.402011692523956299e-01,4.319321289062500000e+02,-1.292816796875000000e+04,6.714841000000000000e+06,-2.573287189006805420e-01,-6.742313504219055176e-02,4.318101406097412109e-01,2.700279466807842255e-03,5.236549973487854004e-01,7.351216077804565430e-01,1.415079087018966675e-01,3.412552475929260254e-01,2.565330862998962402e-01
-1.169484138488769531e+00,-3.356114625930786133e-01,4.342405395507812500e+02,-1.307318554687500000e+04,6.825980500000000000e+06,-2.590249478816986084e-01,-7.037407159805297852e-02,4.257992208003997803e-01,7.221826910972595215e-02,5.264124870300292969e-01,7.321926951408386230e-01,1.438017636537551880e-01,3.300410211086273193e-01,3.100919723510742188e-01
-1.202268838882446289e+00,-3.308635056018829346e-01,4.365602111816406250e+02,-1.321992187500000000e+04,6.938984500000000000e+06,-2.606157660484313965e-01,-7.325284183025360107e-02,4.222628176212310791e-01,3.935939446091651917e-02,5.292257666587829590e-01,7.292472720146179199e-01,1.461202651262283325e-01,3.450287878513336182e-01,3.172737061977386475e-01
-1.234760046005249023e+00,-3.259545266628265381e-01,4.388916931152343750e+02,-1.336840820312500000e+04,7.053894000000000000e+06,-2.621005177497863770e-01,-7.605747878551483154e-02,4.138500094413757324e-01,6.358940154314041138e-02,5.320250988006591797e-01,7.262834310531616211e-01,1.484635472297668457e-01,3.949465751647949219e-01,3.012986779212951660e-01
-1.266942262649536133e+00,-3.208821415901184082e-01,4.412353515625000000e+02,-1.351867382812500000e+04,7.170744000000000000e+06,-2.634773850440979004e-01,-7.878592610359191895e-02,3.883075714111328125e-01,8.795563131570816040e-02,5.348522663116455078e-01,7.233066558837890625e-01,1.508317589759826660e-01,4.012589156627655029e-01,2.969973683357238770e-01
-1.298796176910400391e+00,-3.156446814537048340e-01,4.435914916992187500e+02,-1.367072070312500000e+04,7.289563500000000000e+06,-2.647447884082794189e-01,-8.143597841262817383e-02,3.897590041160583496e-01,1.010671555995941162e-01,5.376237630844116211e-01,7.203113436698913574e-01,1.532250195741653442e-01,3.814201653003692627e-01,2.347100973129272461e-01
-1.330301880836486816e+00,-3.102408945560455322e-01,4.459599609375000000e+02,-1.382456445312500000e+04,7.410368500000000000e+06,-2.659002244472503662e-01,-8.400568366050720215e-02,3.716346621513366699e-01,1.029235050082206726e-01,5.404230356216430664e-01,7.173030972480773926e-01,1.556434631347656250e-01,3.616109788417816162e-01,2.537572979927062988e-01
-1.361433982849121094e+00,-3.046707510948181152e-01,4.483406982421875000e+02,-1.398017968750000000e+04,7.533167500000000000e+06,-2.669412493705749512e-01,-8.649273216724395752e-02,3.805092573165893555e-01,9.352409094572067261e-02,5.432084202766418457e-01,7.142755985260009766e-01,1.580872088670730591e-01,3.243803083896636963e-01,2.612592577934265137e-01
-1.392165422439575195e+00,-2.989344894886016846e-01,4.507332153320312500e+02,-1.413753906250000000e+04,7.657954000000000000e+06,-2.678648829460144043e-01,-8.889494836330413818e-02,3.698132038116455078e-01,8.425869047641754150e-02,5.458964109420776367e-01,7.112332582473754883e-01,1.605564057826995850e-01,3.308142125606536865e-01,3.152663111686706543e-01
-1.422463893890380859e+00,-2.930343747138977051e-01,4.531369323730468750e+02,-1.429659375000000000e+04,7.784707500000000000e+06,-2.686681151390075684e-01,-9.121033549308776855e-02,3.567071557044982910e-01,8.651716262102127075e-02,5.487374663352966309e-01,7.081749439239501953e-01,1.630511730909347534e-01,3.896405696868896484e-01,2.764586806297302246e-01
-1.452295541763305664e+00,-2.869729697704315186e-01,4.555509948730468750e+02,-1.445727148437500000e+04,7.913395000000000000e+06,-2.693476676940917969e-01,-9.343696385622024536e-02,3.509982526302337646e-01,5.473706126213073730e-02,5.514671802520751953e-01,7.051000595092773438e-01,1.655716598033905029e-01,3.176078498363494873e-01,2.957666218280792236e-01
-1.481621623039245605e+00,-2.807557582855224609e-01,4.579741516113281250e+02,-1.461949218750000000e+04,8.043965500000000000e+06,-2.699003219604492188e-01,-9.557315707206726074e-02,3.355308473110198975e-01,3.447936475276947021e-02,5.543221831321716309e-01,7.020103335380554199e-01,1.681179851293563843e-01,3.852342367172241211e-01,2.687003314495086670e-01
-1.510402560234069824e+00,-2.743884623050689697e-01,4.604052734375000000e+02,-1.478314648437500000e+04,8.176355500000000000e+06,-2.703227698802947998e-01,-9.761755168437957764e-02,3.274655640125274658e-01,5.991466343402862549e-02,5.571632981300354004e-01,6.989033222198486328e-01,1.706902682781219482e-01,3.045520186424255371e-01,2.881399989128112793e-01
-1.538595914840698242e+00,-2.678799033164978027e-01,4.628426513671875000e+02,-1.494810937500000000e+04,8.310486500000000000e+06,-2.706119120121002197e-01,-9.956915676593780518e-02,3.219025135040283203e-01,1.310420781373977661e-01,5.599069595336914062e-01,6.957820057868957520e-01,1.732886582612991333e-01,3.199003934860229492e-01,2.379857897758483887e-01
-1.566158652305603027e+00,-2.612384557723999023e-01,4.652847290039062500e+02,-1.511425000000000000e+04,8.446267000000000000e+06,-2.707650661468505859e-01,-1.014273837208747864e-01,3.065882921218872070e-01,1.111756041646003723e-01,5.626505613327026367e-01,6.926422715187072754e-01,1.759132891893386841e-01,3.091121017932891846e-01,2.575577795505523682e-01
-1.593048453330993652e+00,-2.544744610786437988e-01,4.677295532226562500e+02,-1.528142773437500000e+04,8.583597000000000000e+06,-2.707794904708862305e-01,-1.031921058893203735e-01,2.986835241317749023e-01,8.004736900329589844e-02,5.654080510139465332e-01,6.894856095314025879e-01,1.785642951726913452e-01,3.681784272193908691e-01,2.307560294866561890e-01
-1.619224309921264648e+00,-2.475974112749099731e-01,4.701755676269531250e+02,-1.544949023437500000e+04,8.722375000000000000e+06,-2.706529498100280762e-01,-1.048635467886924744e-01,2.908370792865753174e-01,1.401703655719757080e-01,5.682492256164550781e-01,6.863166093826293945e-01,1.812418103218078613e-01,3.574794828891754150e-01,2.736806571483612061e-01
-1.644648432731628418e+00,-2.406178563833236694e-01,4.726208190917968750e+02,-1.561829687500000000e+04,8.862491000000000000e+06,-2.703835070133209229e-01,-1.064425930380821228e-01,2.977583706378936768e-01,8.651576936244964600e-02,5.710485577583312988e-01,6.831279397010803223e-01,1.839459240436553955e-01,3.381011486053466797e-01,2.005716264247894287e-01
-1.669285535812377930e+00,-2.335453927516937256e-01,4.750637207031250000e+02,-1.578770898437500000e+04,9.003839000000000000e+06,-2.699693739414215088e-01,-1.079306453466415405e-01,2.949381172657012939e-01,1.013296321034431458e-01,5.738478302955627441e-01,6.799259185791015625e-01,1.866768300533294678e-01,3.187713325023651123e-01,1.855789721012115479e-01
-1.693104982376098633e+00,-2.263892441987991333e-01,4.775025939941406250e+02,-1.595759179687500000e+04,9.146316000000000000e+06,-2.694092690944671631e-01,-1.093295440077781677e-01,2.848298549652099609e-01,1.276586204767227173e-01,5.766471624374389648e-01,6.767042279243469238e-01,1.894346028566360474e-01,2.994914650917053223e-01,1.938726454973220825e-01
-1.716080784797668457e+00,-2.191581726074218750e-01,4.799359741210937500e+02,-1.612782812500000000e+04,9.289825000000000000e+06,-2.687020003795623779e-01,-1.106416955590248108e-01,2.649846971035003662e-01,1.427208334207534790e-01,5.794186592102050781e-01,6.734706759452819824e-01,1.922194212675094604e-01,3.675265312194824219e-01,2.835025787353515625e-01
-1.738189816474914551e+00,-2.118609398603439331e-01,4.823624877929687500e+02,-1.629830273437500000e+04,9.434274000000000000e+06,-2.678468227386474609e-01,-1.118699088692665100e-01,2.697212994098663330e-01,7.817255705595016479e-02,5.822319388389587402e-01,6.702181696891784668e-01,1.950313895940780640e-01,2.872666716575622559e-01,2.454886436462402344e-01
-1.759413957595825195e+00,-2.045060396194458008e-01,4.847809448242187500e+02,-1.646891015625000000e+04,9.579578000000000000e+06,-2.668437063694000244e-01,-1.130171492695808411e-01,2.647256255149841309e-01,1.390404254198074341e-01,5.849337577819824219e-01,6.669508814811706543e-01,1.978706419467926025e-01,3.205036818981170654e-01,2.655907869338989258e-01
-1.779738306999206543e+00,-1.971013844013214111e-01,4.871901245117187500e+02,-1.663956445312500000e+04,9.725657000000000000e+06,-2.656930387020111084e-01,-1.140866875648498535e-01,2.524511516094207764e-01,9.751462936401367188e-02,5.878027081489562988e-01,6.636649966239929199e-01,2.007373273372650146e-01,3.625228703022003174e-01,1.696587651968002319e-01
-1.799152731895446777e+00,-1.896544992923736572e-01,4.895890808105468750e+02,-1.681017578125000000e+04,9.872440000000000000e+06,-2.643957436084747314e-01,-1.150817796587944031e-01,2.476070672273635864e-01,1.130599230527877808e-01,5.905184745788574219e-01,6.603673696517944336e-01,2.036315500736236572e-01,3.609675765037536621e-01,2.247224748134613037e-01
-1.817649722099304199e+00,-1.821723282337188721e-01,4.919769592285156250e+02,-1.698067578125000000e+04,1.001985900000000000e+07,-2.629532217979431152e-01,-1.160058528184890747e-01,2.403909564018249512e-01,1.515037864446640015e-01,5.933735370635986328e-01,6.570503711700439453e-01,2.065534740686416626e-01,3.332919180393218994e-01,1.869716495275497437e-01
-1.835226178169250488e+00,-1.746618747711181641e-01,4.943529052734375000e+02,-1.715100195312500000e+04,1.016785700000000000e+07,-2.613673508167266846e-01,-1.168624609708786011e-01,2.357073426246643066e-01,1.786735951900482178e-01,5.961310267448425293e-01,6.537175774574279785e-01,2.095032185316085815e-01,3.056763112545013428e-01,1.608960479497909546e-01
-1.851882576942443848e+00,-1.671289503574371338e-01,4.967164306640625000e+02,-1.732110546875000000e+04,1.031638700000000000e+07,-2.596401274204254150e-01,-1.176551952958106995e-01,2.139490842819213867e-01,1.490063369274139404e-01,5.988746285438537598e-01,6.503686308860778809e-01,2.124808877706527710e-01,2.868484854698181152e-01,2.393754571676254272e-01
-1.867621421813964844e+00,-1.595786809921264648e-01,4.990669250488281250e+02,-1.749095117187500000e+04,1.046540800000000000e+07,-2.577737867832183838e-01,-1.183874756097793579e-01,2.241415977478027344e-01,9.667184948921203613e-02,6.016600728034973145e-01,6.470040678977966309e-01,2.154866605997085571e-01,3.378941118717193604e-01,2.482595294713973999e-01
-1.882448434829711914e+00,-1.520148515701293945e-01,5.014039916992187500e+02,-1.766051367187500000e+04,1.061488600000000000e+07,-2.557702958583831787e-01,-1.190625950694084167e-01,2.074590921401977539e-01,1.241827160120010376e-01,6.044594049453735352e-01,6.436229348182678223e-01,2.185206264257431030e-01,3.453721702098846436e-01,2.572079598903656006e-01
-1.896370649337768555e+00,-1.444408297538757324e-01,5.037273254394531250e+02,-1.782976953125000000e+04,1.076479700000000000e+07,-2.536316812038421631e-01,-1.196835190057754517e-01,1.933176219463348389e-01,9.485223144292831421e-02,6.071890592575073242e-01,6.402262449264526367e-01,2.215829491615295410e-01,3.354629278182983398e-01,1.501203924417495728e-01
-1.909397125244140625e+00,-1.368592083454132080e-01,5.060365905761718750e+02,-1.799871093750000000e+04,1.091511800000000000e+07,-2.513599395751953125e-01,-1.202533915638923645e-01,1.866215914487838745e-01,1.339737325906753540e-01,6.100859045982360840e-01,6.368157267570495605e-01,2.246737480163574219e-01,3.343467414379119873e-01,1.824164390563964844e-01
-1.921538233757019043e+00,-1.292723715305328369e-01,5.083316040039062500e+02,-1.816733398437500000e+04,1.106584000000000000e+07,-2.489569485187530518e-01,-1.207751259207725525e-01,1.898241788148880005e-01,1.504222005605697632e-01,6.128433942794799805e-01,6.333863139152526855e-01,2.277931421995162964e-01,2.809405028820037842e-01,1.567257195711135864e-01
-1.932806015014648438e+00,-1.216824352741241455e-01,5.106122436523437500e+02,-1.833564843750000000e+04,1.121695700000000000e+07,-2.464241087436676025e-01,-1.212519779801368713e-01,1.833180785179138184e-01,1.441961377859115601e-01,6.155870556831359863e-01,6.299393177032470703e-01,2.309412956237792969e-01,2.799615263938903809e-01,1.775377690792083740e-01
-1.943212985992431641e+00,-1.140915155410766602e-01,5.128784790039062500e+02,-1.850366992187500000e+04,1.136847300000000000e+07,-2.437629997730255127e-01,-1.216872259974479675e-01,1.818123012781143188e-01,1.266843676567077637e-01,6.184421181678771973e-01,6.264792084693908691e-01,2.341182976961135864e-01,3.401374220848083496e-01,2.332421690225601196e-01
-1.952773094177246094e+00,-1.065018177032470703e-01,5.151306152343750000e+02,-1.867141992187500000e+04,1.152039700000000000e+07,-2.409744858741760254e-01,-1.220841333270072937e-01,1.779552698135375977e-01,1.206661611795425415e-01,6.212135553359985352e-01,6.230029463768005371e-01,2.373243123292922974e-01,2.956689000129699707e-01,2.193483859300613403e-01
-1.961500287055969238e+00,-9.891566634178161621e-02,5.173687744140625000e+02,-1.883892773437500000e+04,1.167275000000000000e+07,-2.380594611167907715e-01,-1.224460601806640625e-01,1.717489212751388550e-01,1.717016398906707764e-01,6.239571571350097656e-01,6.195074319839477539e-01,2.405594736337661743e-01,2.949049174785614014e-01,1.358559429645538330e-01
-1.969409823417663574e+00,-9.133532643318176270e-02,5.195933837890625000e+02,-1.900622656250000000e+04,1.182555400000000000e+07,-2.350184321403503418e-01,-1.227759495377540588e-01,1.656462848186492920e-01,2.342273890972137451e-01,6.267147064208984375e-01,6.159988045692443848e-01,2.438238859176635742e-01,3.378467261791229248e-01,2.381843030452728271e-01
-1.976516366004943848e+00,-8.376315236091613770e-02,5.218050537109375000e+02,-1.917335546875000000e+04,1.197884100000000000e+07,-2.318521142005920410e-01,-1.230766698718070984e-01,1.596492677927017212e-01,2.171182483434677124e-01,6.295279860496520996e-01,6.124745011329650879e-01,2.471176981925964355e-01,2.674212455749511719e-01,1.315928995609283447e-01
-1.982836723327636719e+00,-7.620140910148620605e-02,5.240043334960937500e+02,-1.934035937500000000e+04,1.213265000000000000e+07,-2.285612225532531738e-01,-1.233510076999664307e-01,1.439550071954727173e-01,2.342767864465713501e-01,6.322994232177734375e-01,6.089330315589904785e-01,2.504410445690155029e-01,3.192408978939056396e-01,1.295511573553085327e-01
-1.988386631011962891e+00,-6.865224242210388184e-02,5.261920776367187500e+02,-1.950729687500000000e+04,1.228702800000000000e+07,-2.251464128494262695e-01,-1.236016228795051575e-01,1.308211386203765869e-01,1.490160822868347168e-01,6.351405382156372070e-01,6.053743362426757812e-01,2.537940442562103271e-01,3.362325727939605713e-01,1.972284466028213501e-01
-1.993184328079223633e+00,-6.111750006675720215e-02,5.283691406250000000e+02,-1.967422851562500000e+04,1.244202600000000000e+07,-2.216084003448486328e-01,-1.238314360380172729e-01,1.300540119409561157e-01,2.005334496498107910e-01,6.379398703575134277e-01,6.017996072769165039e-01,2.571768462657928467e-01,3.183973431587219238e-01,2.185241580009460449e-01
-1.997246146202087402e+00,-5.359870195388793945e-02,5.305368041992187500e+02,-1.984122460937500000e+04,1.259771400000000000e+07,-2.179476320743560791e-01,-1.240431666374206543e-01,1.343019604682922363e-01,1.610184162855148315e-01,6.407113671302795410e-01,5.982108712196350098e-01,2.605895698070526123e-01,2.744626402854919434e-01,2.166576236486434937e-01
-2.000589370727539062e+00,-4.609662294387817383e-02,5.326962280273437500e+02,-2.000836132812500000e+04,1.275415700000000000e+07,-2.141643166542053223e-01,-1.242395192384719849e-01,1.264084875583648682e-01,2.354969233274459839e-01,6.433992385864257812e-01,5.946041345596313477e-01,2.640323340892791748e-01,3.091455698013305664e-01,2.032381743192672729e-01
-2.003229856491088867e+00,-3.861176967620849609e-02,5.348486938476562500e+02,-2.017572656250000000e+04,1.291143300000000000e+07,-2.102582752704620361e-01,-1.244230195879936218e-01,1.259845346212387085e-01,2.417201697826385498e-01,6.461846232414245605e-01,5.909826755523681641e-01,2.675053179264068604e-01,2.828256487846374512e-01,2.130950987339019775e-01
-2.005181550979614258e+00,-3.114369511604309082e-02,5.369956054687500000e+02,-2.034340234375000000e+04,1.306962700000000000e+07,-2.062289416790008545e-01,-1.245959177613258362e-01,1.085200831294059753e-01,2.366384118795394897e-01,6.489840149879455566e-01,5.873437523841857910e-01,2.710086405277252197e-01,2.914936244487762451e-01,1.301276683807373047e-01
-2.006456136703491211e+00,-2.369156479835510254e-02,5.391384887695312500e+02,-2.051148242187500000e+04,1.322882200000000000e+07,-2.020755410194396973e-01,-1.247600242495536804e-01,1.009795963764190674e-01,2.658114731311798096e-01,6.517833471298217773e-01,5.836876034736633301e-01,2.745423316955566406e-01,2.827924489974975586e-01,1.400951445102691650e-01
-2.007063627243041992e+00,-1.625382900238037109e-02,5.412785644531250000e+02,-2.068006054687500000e+04,1.338910700000000000e+07,-1.977969110012054443e-01,-1.249171346426010132e-01,1.058157011866569519e-01,2.381139695644378662e-01,6.545826196670532227e-01,5.800180435180664062e-01,2.781066596508026123e-01,2.916283309459686279e-01,1.268967688083648682e-01
-2.007011175155639648e+00,-8.828639984130859375e-03,5.434173583984375000e+02,-2.084922656250000000e+04,1.355057500000000000e+07,-1.933915615081787109e-01,-1.250686049461364746e-01,9.361600130796432495e-02,1.991056054830551147e-01,6.574237346649169922e-01,5.763323307037353516e-01,2.817017138004302979e-01,3.180022537708282471e-01,1.485817432403564453e-01
-2.006303310394287109e+00,-1.413553953170776367e-03,5.455560913085937500e+02,-2.101907031250000000e+04,1.371331600000000000e+07,-1.888580024242401123e-01,-1.252158731222152710e-01,1.011494249105453491e-01,2.057366073131561279e-01,6.601395010948181152e-01,5.726286768913269043e-01,2.853276133537292480e-01,3.182833194732666016e-01,1.935392767190933228e-01
-2.004941940307617188e+00,5.993992090225219727e-03,5.476959838867187500e+02,-2.118967968750000000e+04,1.387741500000000000e+07,-1.841942369937896729e-01,-1.253600716590881348e-01,9.655224531888961792e-02,2.352240681648254395e-01,6.628970503807067871e-01,5.689092278480529785e-01,2.889844775199890137e-01,3.273777663707733154e-01,1.224484890699386597e-01
-2.002926826477050781e+00,1.339662075042724609e-02,5.498379516601562500e+02,-2.136113281250000000e+04,1.404295700000000000e+07,-1.793985366821289062e-01,-1.255022436380386353e-01,7.737474143505096436e-02,2.533946335315704346e-01,6.656824350357055664e-01,5.651735663414001465e-01,2.926724553108215332e-01,3.365600705146789551e-01,1.791185885667800903e-01
-2.000254631042480469e+00,2.079692482948303223e-02,5.519831542968750000e+02,-2.153350585937500000e+04,1.421002200000000000e+07,-1.744686067104339600e-01,-1.256432235240936279e-01,8.528802543878555298e-02,3.171984255313873291e-01,6.685235500335693359e-01,5.614219307899475098e-01,2.963916659355163574e-01,2.672939300537109375e-01,2.126186937093734741e-01
-1.996919631958007812e+00,2.819767594337463379e-02,5.541323242187500000e+02,-2.170686328125000000e+04,1.437868500000000000e+07,-1.694023907184600830e-01,-1.257836818695068359e-01,6.146551296114921570e-02,3.241194188594818115e-01,6.712393164634704590e-01,5.576562285423278809e-01,3.001422584056854248e-01,3.290123641490936279e-01,1.765079051256179810e-01
-1.992915511131286621e+00,3.560128808021545410e-02,5.562860107421875000e+02,-2.188127148437500000e+04,1.454901900000000000e+07,-1.641976237297058105e-01,-1.259241402149200439e-01,7.208989560604095459e-02,3.197172582149505615e-01,6.741082668304443359e-01,5.538722872734069824e-01,3.039243519306182861e-01,3.210101723670959473e-01,1.752753257751464844e-01
-1.988232970237731934e+00,4.300978779792785645e-02,5.584450073242187500e+02,-2.205678125000000000e+04,1.472108500000000000e+07,-1.588522195816040039e-01,-1.260650902986526489e-01,6.813912838697433472e-02,2.470376491546630859e-01,6.769215464591979980e-01,5.500741600990295410e-01,3.077380955219268799e-01,2.781935036182403564e-01,1.973100304603576660e-01
-1.982863068580627441e+00,5.042526125907897949e-02,5.606097412109375000e+02,-2.223343750000000000e+04,1.489494600000000000e+07,-1.533638536930084229e-01,-1.262068003416061401e-01,6.187026947736740112e-02,3.224967420101165771e-01,6.796233654022216797e-01,5.462566018104553223e-01,3.115836083889007568e-01,2.791000604629516602e-01,1.149010807275772095e-01
-1.976793766021728516e+00,5.784937739372253418e-02,5.627805175781250000e+02,-2.241128515625000000e+04,1.507065800000000000e+07,-1.477304995059967041e-01,-1.263495683670043945e-01,5.573561787605285645e-02,3.638452887535095215e-01,6.824365854263305664e-01,5.424264669418334961e-01,3.154610097408294678e-01,3.499095439910888672e-01,1.021975204348564148e-01
-1.970014095306396484e+00,6.528332829475402832e-02,5.649577026367187500e+02,-2.259035937500000000e+04,1.524827300000000000e+07,-1.419500410556793213e-01,-1.264936029911041260e-01,4.238282889127731323e-02,2.913481891155242920e-01,6.852220296859741211e-01,5.385780930519104004e-01,3.193704783916473389e-01,3.335484564304351807e-01,1.591983735561370850e-01
-1.962512016296386719e+00,7.272836565971374512e-02,5.671416015625000000e+02,-2.277069140625000000e+04,1.542783700000000000e+07,-1.360205411911010742e-01,-1.266390681266784668e-01,4.877575859427452087e-02,2.758597135543823242e-01,6.880353093147277832e-01,5.347146987915039062e-01,3.233120739459991455e-01,3.521861135959625244e-01,2.046326696872711182e-01
-1.954273700714111328e+00,8.018496632575988770e-02,5.693324584960937500e+02,-2.295230468750000000e+04,1.560939300000000000e+07,-1.299399733543395996e-01,-1.267859637737274170e-01,4.550149291753768921e-02,3.515489101409912109e-01,6.908067464828491211e-01,5.308333039283752441e-01,3.272859752178192139e-01,3.447387218475341797e-01,1.804493665695190430e-01
-1.945286631584167480e+00,8.765354752540588379e-02,5.715302734375000000e+02,-2.313522265625000000e+04,1.579298100000000000e+07,-1.237065792083740234e-01,-1.269342303276062012e-01,3.256103023886680603e-02,3.703379631042480469e-01,6.936199665069580078e-01,5.269373655319213867e-01,3.312923312187194824e-01,2.850277423858642578e-01,1.563074737787246704e-01
-1.935536503791809082e+00,9.513440728187561035e-02,5.737353515625000000e+02,-2.331946289062500000e+04,1.597863200000000000e+07,-1.173185110092163086e-01,-1.270838379859924316e-01,2.956465072929859161e-02,3.550054430961608887e-01,6.963218450546264648e-01,5.230261683464050293e-01,3.353312313556671143e-01,3.039488792419433594e-01,1.089859455823898315e-01
-1.925009965896606445e+00,1.026268303394317627e-01,5.759476928710937500e+02,-2.350503125000000000e+04,1.616638100000000000e+07,-1.107742190361022949e-01,-1.272346973419189453e-01,4.631787538528442383e-02,3.738917410373687744e-01,6.991211771965026855e-01,5.190955996513366699e-01,3.394027948379516602e-01,2.880601286888122559e-01,1.778037399053573608e-01
-1.913693189620971680e+00,1.101303994655609131e-01,5.781672973632812500e+02,-2.369194921875000000e+04,1.635624700000000000e+07,-1.040723323822021484e-01,-1.273866444826126099e-01,3.624948859214782715e-02,3.358709514141082764e-01,7.019205093383789062e-01,5.151519179344177246e-01,3.435072004795074463e-01,3.158990144729614258e-01,2.002197951078414917e-01
-1.901572465896606445e+00,1.176433861255645752e-01,5.803942260742187500e+02,-2.388021289062500000e+04,1.654825800000000000e+07,-9.721136093139648438e-02,-1.275396049022674561e-01,4.348130151629447937e-02,3.662357330322265625e-01,7.047894597053527832e-01,5.111923217773437500e-01,3.476445972919464111e-01,3.612869381904602051e-01,1.530130207538604736e-01
-1.888636946678161621e+00,1.251640617847442627e-01,5.826282958984375000e+02,-2.406981835937500000e+04,1.674242100000000000e+07,-9.019058942794799805e-02,-1.276935636997222900e-01,2.879543043673038483e-02,3.282984793186187744e-01,7.074494957923889160e-01,5.072145462036132812e-01,3.518150150775909424e-01,3.195081353187561035e-01,1.871123611927032471e-01
-1.874874591827392578e+00,1.326897442340850830e-01,5.848695678710937500e+02,-2.426076953125000000e+04,1.693875400000000000e+07,-8.300936222076416016e-02,-1.278485357761383057e-01,3.876473009586334229e-02,3.587420284748077393e-01,7.103045582771301270e-01,5.032213926315307617e-01,3.560186922550201416e-01,2.865527868270874023e-01,1.283667087554931641e-01
-1.860277414321899414e+00,1.402169167995452881e-01,5.871178588867187500e+02,-2.445304101562500000e+04,1.713725200000000000e+07,-7.566761970520019531e-02,-1.280045807361602783e-01,2.191548980772495270e-02,3.550502359867095947e-01,7.130760550498962402e-01,4.992127418518066406e-01,3.602557480335235596e-01,2.886001765727996826e-01,1.625349372625350952e-01
-1.844837546348571777e+00,1.477409303188323975e-01,5.893728637695312500e+02,-2.464662500000000000e+04,1.733791000000000000e+07,-6.816554069519042969e-02,-1.281620711088180542e-01,2.727160044014453888e-02,3.627824485301971436e-01,7.158474922180175781e-01,4.951893091201782227e-01,3.645262420177459717e-01,3.605560064315795898e-01,1.851259320974349976e-01
-1.828551650047302246e+00,1.552564203739166260e-01,5.916343383789062500e+02,-2.484149609375000000e+04,1.754071600000000000e+07,-6.050437688827514648e-02,-1.283212453126907349e-01,2.051739208400249481e-02,3.933267295360565186e-01,7.186189293861389160e-01,4.911475479602813721e-01,3.688303530216217041e-01,3.191673159599304199e-01,1.264785677194595337e-01
-1.811419129371643066e+00,1.627568900585174561e-01,5.939022216796875000e+02,-2.503761914062500000e+04,1.774564800000000000e+07,-5.268573760986328125e-02,-1.284827291965484619e-01,1.390925701707601547e-02,4.238998889923095703e-01,7.214322090148925781e-01,4.870883822441101074e-01,3.731682300567626953e-01,3.564139008522033691e-01,1.723517179489135742e-01
-1.793442964553833008e+00,1.702347099781036377e-01,5.961759033203125000e+02,-2.523496093750000000e+04,1.795267600000000000e+07,-4.471218585968017578e-02,-1.286472976207733154e-01,7.447747513651847839e-03,4.089377820491790771e-01,7.242454886436462402e-01,4.830155372619628906e-01,3.775399923324584961e-01,3.588534593582153320e-01,1.021542027592658997e-01
-1.774629116058349609e+00,1.776809394359588623e-01,5.984549560546875000e+02,-2.543347460937500000e+04,1.816175400000000000e+07,-3.658676147460937500e-02,-1.288158297538757324e-01,6.035537924617528915e-03,4.167806208133697510e-01,7.270030379295349121e-01,4.789268374443054199e-01,3.819457292556762695e-01,3.003071546554565430e-01,1.364748924970626831e-01
-1.754988908767700195e+00,1.850859820842742920e-01,6.007387084960937500e+02,-2.563310742187500000e+04,1.837283000000000000e+07,-2.831375598907470703e-02,-1.289896368980407715e-01,9.673212654888629913e-03,4.018643498420715332e-01,7.298442125320434570e-01,4.748217165470123291e-01,3.863856196403503418e-01,3.553020060062408447e-01,8.955259621143341064e-02
-1.734538674354553223e+00,1.924392879009246826e-01,6.030266723632812500e+02,-2.583380468750000000e+04,1.858585000000000000e+07,-1.989793777465820312e-02,-1.291702091693878174e-01,2.081225253641605377e-02,5.008717179298400879e-01,7.325738072395324707e-01,4.706997275352478027e-01,3.908597826957702637e-01,3.754902482032775879e-01,1.819761693477630615e-01
-1.713298082351684570e+00,1.997298896312713623e-01,6.053179931640625000e+02,-2.603550000000000000e+04,1.880074000000000000e+07,-1.134479045867919922e-02,-1.293593943119049072e-01,7.587887346744537354e-03,4.290395081043243408e-01,7.353453040122985840e-01,4.665613770484924316e-01,3.953683674335479736e-01,3.608719408512115479e-01,1.467144191265106201e-01
-1.691292524337768555e+00,2.069462239742279053e-01,6.076117553710937500e+02,-2.623813281250000000e+04,1.901742600000000000e+07,-2.660632133483886719e-03,-1.295594573020935059e-01,6.767794955521821976e-03,4.483452439308166504e-01,7.381864786148071289e-01,4.624084830284118652e-01,3.999114930629730225e-01,3.463525176048278809e-01,1.811361312866210938e-01
-1.668550491333007812e+00,2.140767872333526611e-01,6.099070434570312500e+02,-2.644163281250000000e+04,1.923582800000000000e+07,6.147861480712890625e-03,-1.297729313373565674e-01,1.099881343543529510e-02,5.246152877807617188e-01,7.409021258354187012e-01,4.582381546497344971e-01,4.044892787933349609e-01,3.842900693416595459e-01,1.343101561069488525e-01
-1.645104169845581055e+00,2.211100161075592041e-01,6.122027587890625000e+02,-2.664592578125000000e+04,1.945586000000000000e+07,1.507371664047241211e-02,-1.300028264522552490e-01,1.782998628914356232e-02,4.642097353935241699e-01,7.437433004379272461e-01,4.540517032146453857e-01,4.091018736362457275e-01,3.612420558929443359e-01,1.223352700471878052e-01
-1.620988845825195312e+00,2.280357182025909424e-01,6.144978027343750000e+02,-2.685094726562500000e+04,1.967743200000000000e+07,2.410960197448730469e-02,-1.302522867918014526e-01,2.235911041498184204e-02,4.493732452392578125e-01,7.465008497238159180e-01,4.498502314090728760e-01,4.137493669986724854e-01,3.731982111930847168e-01,1.219902858138084412e-01
-1.596241235733032227e+00,2.348439991474151611e-01,6.167911987304687500e+02,-2.705662109375000000e+04,1.990046600000000000e+07,3.324842453002929688e-02,-1.305249035358428955e-01,1.968394592404365540e-02,5.028841495513916016e-01,7.492862343788146973e-01,4.456299543380737305e-01,4.184319674968719482e-01,4.027057588100433350e-01,1.564939916133880615e-01
-1.570898413658142090e+00,2.415261566638946533e-01,6.190817871093750000e+02,-2.726289257812500000e+04,2.012488000000000000e+07,4.248321056365966797e-02,-1.308243274688720703e-01,0.000000000000000000e+00,4.994453489780426025e-01,7.520716190338134766e-01,4.413959383964538574e-01,4.231497645378112793e-01,3.799539208412170410e-01,1.677951514720916748e-01
-1.544996857643127441e+00,2.480752766132354736e-01,6.213685302734375000e+02,-2.746970117187500000e+04,2.035060400000000000e+07,5.180728435516357422e-02,-1.311542242765426636e-01,1.478162407875061035e-02,5.301778316497802734e-01,7.548152804374694824e-01,4.371451139450073242e-01,4.279028475284576416e-01,3.660267889499664307e-01,1.326726078987121582e-01
-1.518569946289062500e+00,2.544854581356048584e-01,6.236503906250000000e+02,-2.767700000000000000e+04,2.057757800000000000e+07,6.121498346328735352e-02,-1.315182298421859741e-01,2.749791136011481285e-03,4.925652742385864258e-01,7.576145529747009277e-01,4.328775703907012939e-01,4.326913952827453613e-01,3.434715867042541504e-01,1.207850947976112366e-01
-1.491649150848388672e+00,2.607527673244476318e-01,6.259266967773437500e+02,-2.788475000000000000e+04,2.080575400000000000e+07,7.070106267929077148e-02,-1.319197416305541992e-01,2.028114721179008484e-02,5.005096197128295898e-01,7.604696154594421387e-01,4.285947382450103760e-01,4.375155866146087646e-01,3.995514810085296631e-01,8.569142222404479980e-02
-1.464261651039123535e+00,2.668739259243011475e-01,6.281967773437500000e+02,-2.809291796875000000e+04,2.103510600000000000e+07,8.026093244552612305e-02,-1.323617994785308838e-01,1.590116508305072784e-02,5.881797671318054199e-01,7.632690072059631348e-01,4.242960512638092041e-01,4.423754215240478516e-01,3.684657812118530273e-01,1.551003605127334595e-01
-1.436430692672729492e+00,2.728473842144012451e-01,6.304602050781250000e+02,-2.830149218750000000e+04,2.126561600000000000e+07,8.989107608795166016e-02,-1.328469812870025635e-01,4.316633567214012146e-03,5.619359016418457031e-01,7.659568786621093750e-01,4.199820458889007568e-01,4.472711682319641113e-01,3.462038934230804443e-01,1.548607051372528076e-01
-1.408175230026245117e+00,2.786725461483001709e-01,6.327169189453125000e+02,-2.851046679687500000e+04,2.149729400000000000e+07,9.958887100219726562e-02,-1.333777308464050293e-01,1.003904826939105988e-02,5.356798768043518066e-01,7.688258290290832520e-01,4.156495034694671631e-01,4.522028863430023193e-01,4.200289845466613770e-01,1.198012158274650574e-01
-1.379510521888732910e+00,2.843492925167083740e-01,6.349668579101562500e+02,-2.871985156250000000e+04,2.173015400000000000e+07,1.093516945838928223e-01,-1.339555829763412476e-01,1.590993069112300873e-02,5.435807108879089355e-01,7.716390490531921387e-01,4.113043844699859619e-01,4.571707546710968018e-01,4.066874980926513672e-01,1.544106751680374146e-01
-1.350447177886962891e+00,2.898781597614288330e-01,6.372101440429687500e+02,-2.892966015625000000e+04,2.196423600000000000e+07,1.191785931587219238e-01,-1.345818489789962769e-01,9.673212654888629913e-03,5.856359004974365234e-01,7.742991447448730469e-01,4.069406986236572266e-01,4.621748328208923340e-01,4.108951687812805176e-01,8.453787118196487427e-02
-1.320992946624755859e+00,2.952596247196197510e-01,6.394473266601562500e+02,-2.913992578125000000e+04,2.219959200000000000e+07,1.290682554244995117e-01,-1.352574527263641357e-01,1.584021188318729401e-02,5.365483164787292480e-01,7.771402001380920410e-01,4.025611877441406250e-01,4.672152996063232422e-01,4.151988923549652100e-01,9.594161063432693481e-02
-1.291152954101562500e+00,3.004945218563079834e-01,6.416788940429687500e+02,-2.935069140625000000e+04,2.243628000000000000e+07,1.390202641487121582e-01,-1.359827816486358643e-01,1.235004048794507980e-02,5.899529457092285156e-01,7.799952030181884766e-01,3.981650769710540771e-01,4.722922742366790771e-01,4.108718931674957275e-01,9.574063122272491455e-02
-1.260929107666015625e+00,3.055837452411651611e-01,6.439056396484375000e+02,-2.956200781250000000e+04,2.267437400000000000e+07,1.490343809127807617e-01,-1.367579698562622070e-01,2.616509236395359039e-02,6.433334350585937500e-01,7.827388644218444824e-01,3.937533199787139893e-01,4.774059057235717773e-01,4.502717554569244385e-01,8.393377065658569336e-02
-1.230321884155273438e+00,3.105272948741912842e-01,6.461284790039062500e+02,-2.977392578125000000e+04,2.291396000000000000e+07,1.591110229492187500e-01,-1.375826895236968994e-01,2.541974373161792755e-02,5.713926553726196289e-01,7.854546904563903809e-01,3.893257379531860352e-01,4.825563132762908936e-01,3.763238489627838135e-01,1.417897790670394897e-01
-1.199330687522888184e+00,3.153258264064788818e-01,6.483482055664062500e+02,-2.998651171875000000e+04,2.315511400000000000e+07,1.692499518394470215e-01,-1.384564936161041260e-01,2.972276136279106140e-02,6.133274435997009277e-01,7.883236408233642578e-01,3.848814964294433594e-01,4.877436161041259766e-01,4.333651661872863770e-01,1.183774769306182861e-01
-1.167953491210937500e+00,3.199793994426727295e-01,6.505657958984375000e+02,-3.019982812500000000e+04,2.339792800000000000e+07,1.794517636299133301e-01,-1.393785476684570312e-01,2.681781165301799774e-02,5.982787013053894043e-01,7.910254597663879395e-01,3.804225027561187744e-01,4.929679632186889648e-01,4.032365977764129639e-01,9.496565163135528564e-02
-1.136189222335815430e+00,3.244876563549041748e-01,6.527823486328125000e+02,-3.041393945312500000e+04,2.364249200000000000e+07,1.897163987159729004e-01,-1.403479725122451782e-01,2.896008640527725220e-02,6.743199229240417480e-01,7.939222455024719238e-01,3.759455680847167969e-01,4.982295036315917969e-01,3.993799984455108643e-01,1.063831076025962830e-01
-1.104035854339599609e+00,3.288503587245941162e-01,6.549989013671875000e+02,-3.062890234375000000e+04,2.388888000000000000e+07,2.000439763069152832e-01,-1.413638889789581299e-01,2.634426951408386230e-02,6.136400699615478516e-01,7.966798543930053711e-01,3.714537918567657471e-01,5.035283565521240234e-01,4.305211007595062256e-01,1.758486777544021606e-01
-1.071492671966552734e+00,3.330664336681365967e-01,6.572162475585937500e+02,-3.084477539062500000e+04,2.413717200000000000e+07,2.104340195655822754e-01,-1.424250304698944092e-01,3.122546523809432983e-02,5.870932340621948242e-01,7.994652390480041504e-01,3.669451177120208740e-01,5.088646411895751953e-01,4.355748593807220459e-01,8.277113735675811768e-02
-1.038559794425964355e+00,3.371353447437286377e-01,6.594351196289062500e+02,-3.106158984375000000e+04,2.438742000000000000e+07,2.208858132362365723e-01,-1.435304433107376099e-01,2.644484490156173706e-02,6.288484334945678711e-01,8.022087812423706055e-01,3.624190390110015869e-01,5.142384171485900879e-01,4.668986201286315918e-01,1.638393402099609375e-01
-1.005237936973571777e+00,3.410555422306060791e-01,6.616564941406250000e+02,-3.127937890625000000e+04,2.463966800000000000e+07,2.313979864120483398e-01,-1.446790099143981934e-01,3.161088004708290100e-02,6.249989867210388184e-01,8.049384951591491699e-01,3.578805327415466309e-01,5.196499824523925781e-01,4.721335768699645996e-01,1.868520975112915039e-01
-9.715310335159301758e-01,3.448257744312286377e-01,6.638806152343750000e+02,-3.149814843750000000e+04,2.489393600000000000e+07,2.419680356979370117e-01,-1.458695530891418457e-01,3.691813349723815918e-02,6.097139120101928711e-01,8.077239394187927246e-01,3.533224463462829590e-01,5.250993371009826660e-01,4.861843883991241455e-01,9.375824779272079468e-02
-9.374449253082275391e-01,3.484447300434112549e-01,6.661076660156250000e+02,-3.171787890625000000e+04,2.515021000000000000e+07,2.525933384895324707e-01,-1.471008360385894775e-01,4.481686651706695557e-02,6.399431824684143066e-01,8.105510473251342773e-01,3.487493693828582764e-01,5.305866599082946777e-01,4.392395913600921631e-01,1.167566627264022827e-01
-9.029875993728637695e-01,3.519104421138763428e-01,6.683377685546875000e+02,-3.193852539062500000e+04,2.540845600000000000e+07,2.632696032524108887e-01,-1.483713835477828979e-01,5.285497754812240601e-02,6.473417282104492188e-01,8.134199976921081543e-01,3.441617786884307861e-01,5.361120700836181641e-01,4.447407126426696777e-01,8.169616758823394775e-02
-8.681707382202148438e-01,3.552214801311492920e-01,6.705704956054687500e+02,-3.216002929687500000e+04,2.566860200000000000e+07,2.739917635917663574e-01,-1.496797204017639160e-01,4.387343674898147583e-02,7.116405367851257324e-01,8.160940408706665039e-01,3.395553529262542725e-01,5.416756868362426758e-01,4.503288865089416504e-01,8.145562559366226196e-02
-8.330107927322387695e-01,3.583764135837554932e-01,6.728054809570312500e+02,-3.238228320312500000e+04,2.593053600000000000e+07,2.847534418106079102e-01,-1.510240435600280762e-01,4.483398795127868652e-02,6.961520314216613770e-01,8.188933134078979492e-01,3.349341750144958496e-01,5.472777485847473145e-01,4.996350109577178955e-01,1.276439130306243896e-01
-7.975276708602905273e-01,3.613738715648651123e-01,6.750416870117187500e+02,-3.260515039062500000e+04,2.619411000000000000e+07,2.955468893051147461e-01,-1.524021029472351074e-01,5.573561787605285645e-02,7.033880352973937988e-01,8.217205405235290527e-01,3.302971422672271729e-01,5.529182553291320801e-01,4.879420697689056396e-01,1.622099429368972778e-01
-7.617462873458862305e-01,3.642130196094512939e-01,6.772779541015625000e+02,-3.282846484375000000e+04,2.645912600000000000e+07,3.063626289367675781e-01,-1.538115441799163818e-01,5.941910669207572937e-02,6.536131501197814941e-01,8.245059251785278320e-01,3.256429731845855713e-01,5.585973858833312988e-01,4.763334989547729492e-01,8.066254854202270508e-02
-7.256972789764404297e-01,3.668929040431976318e-01,6.795126953125000000e+02,-3.305201562500000000e+04,2.672534200000000000e+07,3.171902298927307129e-01,-1.552496999502182007e-01,7.549261301755905151e-02,7.176817059516906738e-01,8.273192048072814941e-01,3.209753632545471191e-01,5.643152594566345215e-01,4.560819864273071289e-01,1.732506752014160156e-01
-6.894166469573974609e-01,3.694135844707489014e-01,6.817440795898437500e+02,-3.327555468750000000e+04,2.699247800000000000e+07,3.280170559883117676e-01,-1.567134112119674683e-01,7.699222117662429810e-02,6.905638575553894043e-01,8.300071358680725098e-01,3.162886500358581543e-01,5.700719952583312988e-01,4.620919525623321533e-01,9.167325496673583984e-02
-6.529468297958374023e-01,3.717747628688812256e-01,6.839698486328125000e+02,-3.349879296875000000e+04,2.726017800000000000e+07,3.388291597366333008e-01,-1.581995040178298950e-01,7.127015292644500732e-02,7.545043230056762695e-01,8.328621387481689453e-01,3.115863800048828125e-01,5.758677721023559570e-01,5.030887722969055176e-01,1.610091775655746460e-01
-6.163343191146850586e-01,3.739772737026214600e-01,6.861873779296875000e+02,-3.372140625000000000e+04,2.752807800000000000e+07,3.496110439300537109e-01,-1.597042679786682129e-01,7.058102637529373169e-02,7.386444807052612305e-01,8.356893658638000488e-01,3.068701624870300293e-01,5.817027091979980469e-01,5.528922677040100098e-01,1.490574032068252563e-01
-5.796327590942382812e-01,3.760221898555755615e-01,6.883937988281250000e+02,-3.394303906250000000e+04,2.779573800000000000e+07,3.603458404541015625e-01,-1.612238436937332153e-01,7.982590049505233765e-02,7.796673774719238281e-01,8.383632898330688477e-01,3.021340370178222656e-01,5.875769257545471191e-01,4.893326461315155029e-01,1.835268884897232056e-01
-5.429016351699829102e-01,3.779112398624420166e-01,6.905859985351562500e+02,-3.416330078125000000e+04,2.806268800000000000e+07,3.710150718688964844e-01,-1.627541780471801758e-01,7.449179142713546753e-02,7.750570774078369141e-01,8.411626219749450684e-01,2.973853051662445068e-01,5.934905409812927246e-01,5.305673480033874512e-01,1.715366095304489136e-01
-5.062032938003540039e-01,3.796468675136566162e-01,6.927602539062500000e+02,-3.438178125000000000e+04,2.832842400000000000e+07,3.815994262695312500e-01,-1.642910093069076538e-01,8.399126678705215454e-02,7.020305991172790527e-01,8.439618945121765137e-01,2.926194071769714355e-01,5.994437336921691895e-01,5.282474756240844727e-01,1.246955245733261108e-01
-4.696058034896850586e-01,3.812318742275238037e-01,6.949131469726562500e+02,-3.459804687500000000e+04,2.859242400000000000e+07,3.920788764953613281e-01,-1.658299416303634644e-01,8.626251667737960815e-02,7.656137347221374512e-01,8.467751741409301758e-01,2.878371477127075195e-01,6.054365634918212891e-01,5.434561967849731445e-01,1.242726519703865051e-01
-4.331799745559692383e-01,3.826703131198883057e-01,6.970407104492187500e+02,-3.481165625000000000e+04,2.885413800000000000e+07,4.024324417114257812e-01,-1.673665791749954224e-01,1.009133830666542053e-01,7.152149677276611328e-01,8.495745062828063965e-01,2.830390334129333496e-01,6.114692091941833496e-01,5.238342881202697754e-01,1.354370117187500000e-01
-3.969961404800415039e-01,3.839660584926605225e-01,6.991393432617187500e+02,-3.502217187500000000e+04,2.911301400000000000e+07,4.126398563385009766e-01,-1.688965708017349243e-01,1.132353991270065308e-01,8.014218211174011230e-01,8.523042201995849609e-01,2.782231867313385010e-01,6.175417900085449219e-01,5.130123496055603027e-01,1.697975993156433105e-01
-3.611289262771606445e-01,3.851238191127777100e-01,7.012050781250000000e+02,-3.522915625000000000e+04,2.936850200000000000e+07,4.226803779602050781e-01,-1.704156994819641113e-01,1.060689240694046021e-01,7.280809879302978516e-01,8.551871180534362793e-01,2.733928263187408447e-01,6.236544251441955566e-01,5.633471608161926270e-01,1.344735026359558105e-01
-3.256505727767944336e-01,3.861490786075592041e-01,7.032342529296875000e+02,-3.543220312500000000e+04,2.962007800000000000e+07,4.325342178344726562e-01,-1.719198375940322876e-01,1.039240509271621704e-01,8.369036316871643066e-01,8.578750491142272949e-01,2.685463428497314453e-01,6.298072934150695801e-01,5.963004231452941895e-01,1.107337400317192078e-01
-2.906283140182495117e-01,3.870471417903900146e-01,7.052233276367187500e+02,-3.563091796875000000e+04,2.986723400000000000e+07,4.421828985214233398e-01,-1.734052598476409912e-01,1.190549731254577637e-01,7.861746549606323242e-01,8.607579469680786133e-01,2.636848390102386475e-01,6.360005140304565430e-01,6.118707060813903809e-01,7.535740733146667480e-02
-2.561290264129638672e-01,3.878243267536163330e-01,7.071690063476562500e+02,-3.582495312500000000e+04,3.010950600000000000e+07,4.516091346740722656e-01,-1.748686134815216064e-01,1.244973093271255493e-01,8.492627143859863281e-01,8.634736537933349609e-01,2.588034868240356445e-01,6.422342061996459961e-01,5.664252042770385742e-01,1.096136271953582764e-01
-2.222127914428710938e-01,3.884859979152679443e-01,7.090686035156250000e+02,-3.601400000000000000e+04,3.034648000000000000e+07,4.607979059219360352e-01,-1.763070821762084961e-01,1.423098593950271606e-01,8.097476363182067871e-01,8.663287162780761719e-01,2.539087235927581787e-01,6.485084295272827148e-01,5.646784901618957520e-01,1.786714941263198853e-01
-1.889324188232421875e-01,3.890385329723358154e-01,7.109193115234375000e+02,-3.619780078125000000e+04,3.057780400000000000e+07,4.697359800338745117e-01,-1.777182519435882568e-01,1.308211386203765869e-01,8.043128848075866699e-01,8.691141605377197266e-01,2.489972859621047974e-01,6.548234820365905762e-01,6.066294312477111816e-01,1.432101279497146606e-01
-1.563334465026855469e-01,3.894881308078765869e-01,7.127194213867187500e+02,-3.637616796875000000e+04,3.080319000000000000e+07,4.784126281738281250e-01,-1.791004538536071777e-01,1.537596583366394043e-01,8.101756572723388672e-01,8.718577027320861816e-01,2.440715730190277100e-01,6.611793041229248047e-01,6.050130128860473633e-01,1.309386789798736572e-01
-1.244513988494873047e-01,3.898405730724334717e-01,7.144672851562500000e+02,-3.654894921875000000e+04,3.102242400000000000e+07,4.868204593658447266e-01,-1.804523319005966187e-01,1.473934650421142578e-01,8.273341655731201172e-01,8.745734691619873047e-01,2.391265630722045898e-01,6.675761938095092773e-01,5.947333574295043945e-01,1.186363399028778076e-01
-9.331262111663818359e-02,3.901015222072601318e-01,7.161618041992187500e+02,-3.671607421875000000e+04,3.123536600000000000e+07,4.949538707733154297e-01,-1.817735880613327026e-01,1.607439666986465454e-01,8.216155171394348145e-01,8.774703145027160645e-01,2.341689765453338623e-01,6.740142107009887695e-01,6.194207072257995605e-01,9.469228982925415039e-02
-6.293380260467529297e-02,3.902763426303863525e-01,7.178026733398437500e+02,-3.687753515625000000e+04,3.144195200000000000e+07,5.028108358383178711e-01,-1.830641925334930420e-01,1.717489212751388550e-01,8.499698638916015625e-01,8.802695870399475098e-01,2.291917651891708374e-01,6.804934144020080566e-01,6.267155408859252930e-01,1.519857347011566162e-01
-3.331923484802246094e-02,3.903702795505523682e-01,7.193901367187500000e+02,-3.703336328125000000e+04,3.164219800000000000e+07,5.103919506072998047e-01,-1.843247860670089722e-01,1.681506037712097168e-01,8.212723731994628906e-01,8.830271959304809570e-01,2.242005467414855957e-01,6.870140433311462402e-01,6.515217423439025879e-01,1.163659095764160156e-01
-4.463672637939453125e-03,3.903882205486297607e-01,7.209243774414062500e+02,-3.718366796875000000e+04,3.183618400000000000e+07,5.177004337310791016e-01,-1.855564713478088379e-01,1.695564687252044678e-01,8.494254350662231445e-01,8.857568502426147461e-01,2.191932350397109985e-01,6.935761570930480957e-01,5.978481173515319824e-01,1.619820594787597656e-01
2.364659309387207031e-02,3.903340995311737061e-01,7.224070434570312500e+02,-3.732859765625000000e+04,3.202406000000000000e+07,5.247418880462646484e-01,-1.867612302303314209e-01,1.882203966379165649e-01,8.091328144073486328e-01,8.885840177536010742e-01,2.141700834035873413e-01,7.001799345016479492e-01,6.838516592979431152e-01,1.727334707975387573e-01
5.103754997253417969e-02,3.902122080326080322e-01,7.238395385742187500e+02,-3.746834765625000000e+04,3.220605200000000000e+07,5.315247774124145508e-01,-1.879409849643707275e-01,1.775683462619781494e-01,9.054206013679504395e-01,8.912998437881469727e-01,2.091286778450012207e-01,7.068255543708801270e-01,6.477406024932861328e-01,1.253994256258010864e-01
7.773947715759277344e-02,3.900264203548431396e-01,7.252239990234375000e+02,-3.760315234375000000e+04,3.238241200000000000e+07,5.380587577819824219e-01,-1.890983432531356812e-01,1.866215914487838745e-01,8.649169802665710449e-01,8.941548466682434082e-01,2.040722817182540894e-01,7.135130763053894043e-01,6.465875506401062012e-01,1.592992395162582397e-01
1.037969589233398438e-01,3.897795975208282471e-01,7.265628051757812500e+02,-3.773328125000000000e+04,3.255347600000000000e+07,5.443565845489501953e-01,-1.902361512184143066e-01,1.933176219463348389e-01,9.040384888648986816e-01,8.968984484672546387e-01,1.989999860525131226e-01,7.202425599098205566e-01,6.716646552085876465e-01,8.867225050926208496e-02
1.292552947998046875e-01,3.894751965999603271e-01,7.278587036132812500e+02,-3.785903515625000000e+04,3.271958800000000000e+07,5.504310131072998047e-01,-1.913574635982513428e-01,2.050079256296157837e-01,8.974888324737548828e-01,8.997535109519958496e-01,1.939115971326828003e-01,7.270143628120422363e-01,7.055175304412841797e-01,9.927783906459808350e-02
1.541690826416015625e-01,3.891153037548065186e-01,7.291146240234375000e+02,-3.798072265625000000e+04,3.288113400000000000e+07,5.562973022460937500e-01,-1.924656480550765991e-01,2.192392796277999878e-01,8.224858045578002930e-01,9.025388956069946289e-01,1.888065189123153687e-01,7.338283658027648926e-01,6.608811616897583008e-01,8.662535995244979858e-02
1.785948276519775391e-01,3.887024223804473877e-01,7.303338623046875000e+02,-3.809866015625000000e+04,3.303852800000000000e+07,5.619707107543945312e-01,-1.935638934373855591e-01,2.213025689125061035e-01,9.296174645423889160e-01,9.052128791809082031e-01,1.836861968040466309e-01,7.406848669052124023e-01,6.773754358291625977e-01,7.393421977758407593e-02
2.025930881500244141e-01,3.882384002208709717e-01,7.315197143554687500e+02,-3.821318359375000000e+04,3.319218600000000000e+07,5.674675703048706055e-01,-1.946557760238647461e-01,2.381585091352462769e-01,9.227309823036193848e-01,9.080818295478820801e-01,1.785502880811691284e-01,7.475839257240295410e-01,7.375459671020507812e-01,1.308638751506805420e-01
2.262291908264160156e-01,3.877252638339996338e-01,7.326754150390625000e+02,-3.832462109375000000e+04,3.334254200000000000e+07,5.728046894073486328e-01,-1.957445889711380005e-01,2.232328206300735474e-01,8.587773442268371582e-01,9.108254313468933105e-01,1.733976900577545166e-01,7.545256614685058594e-01,6.755906939506530762e-01,1.064837574958801270e-01
2.495639324188232422e-01,3.871639072895050049e-01,7.338045654296875000e+02,-3.843328906250000000e+04,3.349001800000000000e+07,5.779981613159179688e-01,-1.968335509300231934e-01,2.353512644767761230e-01,8.402690291404724121e-01,9.135690927505493164e-01,1.682287454605102539e-01,7.615103125572204590e-01,7.183927297592163086e-01,1.285033673048019409e-01
2.726635932922363281e-01,3.865558803081512451e-01,7.349104614257812500e+02,-3.853949218750000000e+04,3.363502800000000000e+07,5.830646753311157227e-01,-1.979258954524993896e-01,2.500000000000000000e-01,9.355474114418029785e-01,9.163544774055480957e-01,1.630431711673736572e-01,7.685378193855285645e-01,7.437815666198730469e-01,8.082217723131179810e-02
2.955892086029052734e-01,3.859023153781890869e-01,7.359964599609375000e+02,-3.864353906250000000e+04,3.377798400000000000e+07,5.880196094512939453e-01,-1.990244686603546143e-01,2.549209892749786377e-01,8.484598398208618164e-01,9.192094802856445312e-01,1.578436046838760376e-01,7.756084799766540527e-01,7.343029379844665527e-01,5.631973221898078918e-02
3.183999061584472656e-01,3.852035701274871826e-01,7.370654907226562500e+02,-3.874568750000000000e+04,3.391927200000000000e+07,5.928786993026733398e-01,-2.001322060823440552e-01,2.672701179981231689e-01,9.321085214614868164e-01,9.219670295715332031e-01,1.526249945163726807e-01,7.827224135398864746e-01,7.597656846046447754e-01,1.478755772113800049e-01
3.411521911621093750e-01,3.844608962535858154e-01,7.381207275390625000e+02,-3.884619531250000000e+04,3.405922800000000000e+07,5.976557731628417969e-01,-2.012511938810348511e-01,2.649846971035003662e-01,9.017316102981567383e-01,9.247663617134094238e-01,1.473910659551620483e-01,7.898797392845153809e-01,7.590838074684143066e-01,1.348993033170700073e-01
3.638961315155029297e-01,3.836746513843536377e-01,7.391649169921875000e+02,-3.894526562500000000e+04,3.419818800000000000e+07,6.023638248443603516e-01,-2.023837119340896606e-01,2.676717042922973633e-01,9.509650468826293945e-01,9.275377988815307617e-01,1.421415507793426514e-01,7.970804572105407715e-01,7.148027420043945312e-01,7.544050365686416626e-02
3.866784572601318359e-01,3.828448951244354248e-01,7.402006225585937500e+02,-3.904309765625000000e+04,3.433643200000000000e+07,6.070150136947631836e-01,-2.035312503576278687e-01,2.949381172657012939e-01,9.317324161529541016e-01,9.303231835365295410e-01,1.368764787912368774e-01,8.043249249458312988e-01,7.316369414329528809e-01,1.204288080334663391e-01
4.095361232757568359e-01,3.819727599620819092e-01,7.412297973632812500e+02,-3.913984375000000000e+04,3.447420000000000000e+07,6.116188764572143555e-01,-2.046951502561569214e-01,2.904048860073089600e-01,9.465462565422058105e-01,9.331643581390380859e-01,1.315960884094238281e-01,8.116130828857421875e-01,8.095845580101013184e-01,8.410388231277465820e-02
4.325003623962402344e-01,3.810579478740692139e-01,7.422546997070312500e+02,-3.923561328125000000e+04,3.461168400000000000e+07,6.161841154098510742e-01,-2.058759182691574097e-01,2.981905937194824219e-01,8.701108098030090332e-01,9.359636902809143066e-01,1.262976974248886108e-01,8.189451098442077637e-01,7.653905153274536133e-01,1.522253751754760742e-01
4.555919170379638672e-01,3.801015913486480713e-01,7.432766723632812500e+02,-3.933047265625000000e+04,3.474902400000000000e+07,6.207169294357299805e-01,-2.070738822221755981e-01,3.133904933929443359e-01,9.302337765693664551e-01,9.387629628181457520e-01,1.209821701049804688e-01,8.263211846351623535e-01,8.084853291511535645e-01,4.615303501486778259e-02
4.788227081298828125e-01,3.791033923625946045e-01,7.442968139648437500e+02,-3.942446875000000000e+04,3.488630000000000000e+07,6.252218484878540039e-01,-2.082886099815368652e-01,3.237464129924774170e-01,9.788385033607482910e-01,9.414508342742919922e-01,1.156525909900665283e-01,8.337414264678955078e-01,7.817929387092590332e-01,1.374065726995468140e-01
5.021915435791015625e-01,3.780644834041595459e-01,7.453159179687500000e+02,-3.951757421875000000e+04,3.502353200000000000e+07,6.297008991241455078e-01,-2.095191031694412231e-01,3.366094827651977539e-01,9.248007535934448242e-01,9.443199038505554199e-01,1.103066876530647278e-01,8.412059545516967773e-01,7.987539768218994141e-01,6.607574224472045898e-02
5.256860256195068359e-01,3.769855201244354248e-01,7.463344116210937500e+02,-3.960973046875000000e+04,3.516067600000000000e+07,6.341532468795776367e-01,-2.107636630535125732e-01,3.348190486431121826e-01,9.275856018066406250e-01,9.469938874244689941e-01,1.049442216753959656e-01,8.487148880958557129e-01,8.331876397132873535e-01,5.275036394596099854e-02
5.492804050445556641e-01,3.758681118488311768e-01,7.473518676757812500e+02,-3.970082421875000000e+04,3.529760800000000000e+07,6.385757923126220703e-01,-2.120198011398315430e-01,3.453355133533477783e-01,8.960687518119812012e-01,9.498209953308105469e-01,9.956664592027664185e-02,8.562684655189514160e-01,7.978285551071166992e-01,1.322602182626724243e-01
5.729334354400634766e-01,3.747132122516632080e-01,7.483676147460937500e+02,-3.979069531250000000e+04,3.543414400000000000e+07,6.429629325866699219e-01,-2.132846862077713013e-01,3.387424349784851074e-01,8.872014880180358887e-01,9.526482224464416504e-01,9.417208284139633179e-02,8.638665676116943359e-01,8.061172366142272949e-01,7.240515947341918945e-02
5.965888500213623047e-01,3.735230863094329834e-01,7.493805541992187500e+02,-3.987912500000000000e+04,3.557000800000000000e+07,6.473052501678466797e-01,-2.145542502403259277e-01,3.518048226833343506e-01,9.123734831809997559e-01,9.554753303527832031e-01,8.876010775566101074e-02,8.715096116065979004e-01,8.405992984771728516e-01,1.169950589537620544e-01
6.201756000518798828e-01,3.723004758358001709e-01,7.503887329101562500e+02,-3.996585546875000000e+04,3.570484400000000000e+07,6.515911817550659180e-01,-2.158238291740417480e-01,3.771667182445526123e-01,9.715841412544250488e-01,9.582329392433166504e-01,8.333344757556915283e-02,8.791975378990173340e-01,8.140092492103576660e-01,8.026981353759765625e-02
6.436035633087158203e-01,3.710483610630035400e-01,7.513901977539062500e+02,-4.005056250000000000e+04,3.583823200000000000e+07,6.558052301406860352e-01,-2.170883268117904663e-01,3.682534396648406982e-01,9.509283304214477539e-01,9.609486460685729980e-01,7.789063453674316406e-02,8.869305849075317383e-01,8.485141396522521973e-01,1.363793611526489258e-01
6.667659282684326172e-01,3.697709739208221436e-01,7.523818969726562500e+02,-4.013288671875000000e+04,3.596965200000000000e+07,6.599292755126953125e-01,-2.183415293693542480e-01,3.740858435630798340e-01,9.529193639755249023e-01,9.637619256973266602e-01,7.243219017982482910e-02,8.947088122367858887e-01,8.306694626808166504e-01,1.227836385369300842e-01
6.895391941070556641e-01,3.684731423854827881e-01,7.533605957031250000e+02,-4.021240234375000000e+04,3.609851200000000000e+07,6.639418601989746094e-01,-2.195768058300018311e-01,3.922101557254791260e-01,9.433852434158325195e-01,9.666031002998352051e-01,6.695686280727386475e-02,9.025323390960693359e-01,8.651895523071289062e-01,2.787262201309204102e-02
7.117836475372314453e-01,3.671612441539764404e-01,7.543222656250000000e+02,-4.028866406250000000e+04,3.622412800000000000e+07,6.678186655044555664e-01,-2.207867205142974854e-01,3.883075714111328125e-01,9.337159395217895508e-01,9.692909717559814453e-01,6.146590411663055420e-02,9.104014039039611816e-01,8.822615742683410645e-01,1.186763420701026917e-01
7.333395481109619141e-01,3.658418357372283936e-01,7.552627563476562500e+02,-4.036117187500000000e+04,3.634576400000000000e+07,6.715325117111206055e-01,-2.219634950160980225e-01,3.991430401802062988e-01,9.808630943298339844e-01,9.721181392669677734e-01,5.595868453383445740e-02,9.183160662651062012e-01,8.993363976478576660e-01,8.172482252120971680e-02
7.540392875671386719e-01,3.645225465297698975e-01,7.561768798828125000e+02,-4.042941015625000000e+04,3.646261200000000000e+07,6.750539541244506836e-01,-2.230988591909408569e-01,4.149093329906463623e-01,9.025790691375732422e-01,9.749174714088439941e-01,5.043479427695274353e-02,9.262764453887939453e-01,9.251384139060974121e-01,9.116812795400619507e-02
7.736964225769042969e-01,3.632130920886993408e-01,7.570595703125000000e+02,-4.049282031250000000e+04,3.657379600000000000e+07,6.783508062362670898e-01,-2.241844534873962402e-01,4.208968877792358398e-01,9.950150251388549805e-01,9.777585268020629883e-01,4.489737004041671753e-02,9.342827200889587402e-01,9.422130584716796875e-01,4.251634702086448669e-02
7.921202182769775391e-01,3.619229495525360107e-01,7.579053955078125000e+02,-4.055085546875000000e+04,3.667843600000000000e+07,6.813904047012329102e-01,-2.252116203308105469e-01,4.342612922191619873e-01,9.961904287338256836e-01,9.804325699806213379e-01,3.934074938297271729e-02,9.423350095748901367e-01,8.720213174819946289e-01,7.508961856365203857e-02
8.091106414794921875e-01,3.606630861759185791e-01,7.587086181640625000e+02,-4.060295312500000000e+04,3.677558400000000000e+07,6.841387748718261719e-01,-2.261721044778823853e-01,4.304883480072021484e-01,9.516665935516357422e-01,9.833293557167053223e-01,3.376902639865875244e-02,9.504334330558776855e-01,9.065406322479248047e-01,3.795807808637619019e-02
8.244662284851074219e-01,3.594454824924468994e-01,7.594630737304687500e+02,-4.064857812500000000e+04,3.686432000000000000e+07,6.865620613098144531e-01,-2.270577102899551392e-01,4.610498845577239990e-01,9.183955192565917969e-01,9.860590696334838867e-01,2.818083576858043671e-02,9.585781097412109375e-01,9.323266148567199707e-01,1.052719280123710632e-01
8.379940986633300781e-01,3.582821786403656006e-01,7.601632080078125000e+02,-4.068721875000000000e+04,3.694373200000000000e+07,6.886271238327026367e-01,-2.278610467910766602e-01,4.548595845699310303e-01,9.077671766281127930e-01,9.887748360633850098e-01,2.257638610899448395e-02,9.667691588401794434e-01,9.406511187553405762e-01,2.161134965717792511e-02
8.495018482208251953e-01,3.571855723857879639e-01,7.608029785156250000e+02,-4.071840625000000000e+04,3.701294800000000000e+07,6.903033256530761719e-01,-2.285753488540649414e-01,4.633892476558685303e-01,9.539528489112854004e-01,9.916298389434814453e-01,1.695798896253108978e-02,9.750067591667175293e-01,9.140593409538269043e-01,7.722657918930053711e-02
8.588171005249023438e-01,3.561690151691436768e-01,7.613770141601562500e+02,-4.074173828125000000e+04,3.707117600000000000e+07,6.915624141693115234e-01,-2.291947901248931885e-01,4.694782197475433350e-01,1.000000000000000000e+00,9.944570660591125488e-01,1.132070925086736679e-02,9.832909703254699707e-01,9.223601818084716797e-01,8.635791391134262085e-02
8.657858371734619141e-01,3.552448451519012451e-01,7.618800659179687500e+02,-4.075687890625000000e+04,3.711768400000000000e+07,6.923804283142089844e-01,-2.297144830226898193e-01,4.927331209182739258e-01,9.092234373092651367e-01,9.972425103187561035e-01,5.667382385581731796e-03,9.916220903396606445e-01,9.393725395202636719e-01,2.578560635447502136e-02
8.702805042266845703e-01,3.544252812862396240e-01,7.623074340820312500e+02,-4.076357812500000000e+04,3.715188000000000000e+07,6.927388906478881836e-01,-2.301310747861862183e-01,4.816769659519195557e-01,9.549932479858398438e-01,1.000000000000000000e+00,0.000000000000000000e+00,1.000000000000000000e+00,1.000000000000000000e+00,0.000000000000000000e+00
